title,url,price,rating,reviews,asin,prime,keyword
"15.6 FHD Student Laptop Computer, 16GB RAM 1TB SSD, Backlit Keyboard, Fingerprint, 4-Core Pentium N100 (Beat i3-1115G4, Up to 3.4GHz), 2 Years Warranty, WiFi 6, Win 11 H",https://www.amazon.com/sspa/click?ie=UTF8&spc=MTo4NTc3NjE5Mjc0MzU0OTE0OjE3MzA0ODg3NTk6c3BfYXRmOjMwMDQzODEyODE4NjUwMjo6MDo6&url=%2FComputer-Keyboard-Fingerprint-i3-1115G4-Warranty%2Fdp%2FB0DFPTZFV4%2Fref%3Dsr_1_1_sspa%3Fdib%3DeyJ2IjoiMSJ9.nJLPAe1VCXekLAE3n1EfIM35g5vc2cbCvsTqDoxYlK4-RL3QCNLA4rRv_N58RO0ByaagrdcpIH-pUnVGqKuYGgh2zTDwj4VKeUMQsKMtOVEP3MlpILIVjbV8cC-FUYlOhc4UY8pVmIs159J5XWTzEG6Gdqdq7fqMKpnlUiXh9peEenpTUVTkxEozAIm1DWtIjERuaDqNlpDTAHldS1vrnbcOg1bmnZyR8Bevpb-HKmQ.eNC5QdTRFr6N4MUFomZGFILpXXveFDFxdX2zvZkIzOA%26dib_tag%3Dse%26keywords%3Dlaptop%26qid%3D1730488759%26sr%3D8-1-spons%26sp_csd%3Dd2lkZ2V0TmFtZT1zcF9hdGY%26psc%3D1,299.,5.0 out of 5 stars,11,B0DFPTZFV4,No,laptop
"ACEMAGIC Laptop Computer, 16GB DDR4 512GB SSD, 15.6 Inch Windows 11 Laptop with Quad-Core N95(Up to 3.4GHz), Metal Shell, BT5.0, 5G WiFi, USB3.2, Type_C, Webcam, 38Wh Battery",https://www.amazon.com/sspa/click?ie=UTF8&spc=MTo4NTc3NjE5Mjc0MzU0OTE0OjE3MzA0ODg3NTk6c3BfYXRmOjMwMDM0OTg5NTE0NTUwMjo6MDo6&url=%2FACEMAGIC-Computer-Windows-Quad-Core-Battery%2Fdp%2FB0DJLL26QB%2Fref%3Dsr_1_2_sspa%3Fdib%3DeyJ2IjoiMSJ9.nJLPAe1VCXekLAE3n1EfIM35g5vc2cbCvsTqDoxYlK4-RL3QCNLA4rRv_N58RO0ByaagrdcpIH-pUnVGqKuYGgh2zTDwj4VKeUMQsKMtOVEP3MlpILIVjbV8cC-FUYlOhc4UY8pVmIs159J5XWTzEG6Gdqdq7fqMKpnlUiXh9peEenpTUVTkxEozAIm1DWtIjERuaDqNlpDTAHldS1vrnbcOg1bmnZyR8Bevpb-HKmQ.eNC5QdTRFr6N4MUFomZGFILpXXveFDFxdX2zvZkIzOA%26dib_tag%3Dse%26keywords%3Dlaptop%26qid%3D1730488759%26sr%3D8-2-spons%26sp_csd%3Dd2lkZ2V0TmFtZT1zcF9hdGY%26psc%3D1,359.,5.0 out of 5 stars,4,B0DJLL26QB,No,laptop
"Acer Aspire 3 A315-24P-R7VH Slim Laptop | 15.6"" Full HD IPS Display | AMD Ryzen 3 7320U Quad-Core Processor | AMD Radeon Graphics | 8GB LPDDR5 | 128GB NVMe SSD | Wi-Fi 6 | Windows 11 Home in S Mode",https://www.amazon.com/A315-24P-R7VH-Display-Quad-Core-Processor-Graphics/dp/B0BS4BP8FB/ref=sr_1_3?dib=eyJ2IjoiMSJ9.nJLPAe1VCXekLAE3n1EfIM35g5vc2cbCvsTqDoxYlK4-RL3QCNLA4rRv_N58RO0ByaagrdcpIH-pUnVGqKuYGgh2zTDwj4VKeUMQsKMtOVEP3MlpILIVjbV8cC-FUYlOhc4UY8pVmIs159J5XWTzEG6Gdqdq7fqMKpnlUiXh9peEenpTUVTkxEozAIm1DWtIjERuaDqNlpDTAHldS1vrnbcOg1bmnZyR8Bevpb-HKmQ.eNC5QdTRFr6N4MUFomZGFILpXXveFDFxdX2zvZkIzOA&dib_tag=se&keywords=laptop&qid=1730488759&sr=8-3,279.,4.4 out of 5 stars,Products highlighted as 'Overall Pick' are:,B0BS4BP8FB,No,laptop
"15.6 Inch Laptops, Windows 11 Laptop Computer with 4GB RAM 128GB SSD, Expandable 4TB, Celeron N5095 Quad-Core(Up to 2.9GHz), 1 Year Office 365, WiFi 6, 7000mAh Battery, USB 3.2, HDMI, Type-C",https://www.amazon.com/Naclud-Laptops-Computer-Expandable-Quad-Core/dp/B0DJK7YPF1/ref=sr_1_4?dib=eyJ2IjoiMSJ9.nJLPAe1VCXekLAE3n1EfIM35g5vc2cbCvsTqDoxYlK4-RL3QCNLA4rRv_N58RO0ByaagrdcpIH-pUnVGqKuYGgh2zTDwj4VKeUMQsKMtOVEP3MlpILIVjbV8cC-FUYlOhc4UY8pVmIs159J5XWTzEG6Gdqdq7fqMKpnlUiXh9peEenpTUVTkxEozAIm1DWtIjERuaDqNlpDTAHldS1vrnbcOg1bmnZyR8Bevpb-HKmQ.eNC5QdTRFr6N4MUFomZGFILpXXveFDFxdX2zvZkIzOA&dib_tag=se&keywords=laptop&qid=1730488759&sr=8-4,199.,4.4 out of 5 stars,59,B0DJK7YPF1,No,laptop
"HP Newest 14"" Ultral Light Laptop for Students and Business, Intel Quad-Core N4120, 8GB RAM, 192GB Storage(64GB eMMC+128GB Micro SD), 1 Year Office 365, Webcam, HDMI, WiFi, USB-A&C, Win 11 S",https://www.amazon.com/HP-Students-Business-Quad-Core-Storage/dp/B0B2D77YB8/ref=sr_1_5?dib=eyJ2IjoiMSJ9.nJLPAe1VCXekLAE3n1EfIM35g5vc2cbCvsTqDoxYlK4-RL3QCNLA4rRv_N58RO0ByaagrdcpIH-pUnVGqKuYGgh2zTDwj4VKeUMQsKMtOVEP3MlpILIVjbV8cC-FUYlOhc4UY8pVmIs159J5XWTzEG6Gdqdq7fqMKpnlUiXh9peEenpTUVTkxEozAIm1DWtIjERuaDqNlpDTAHldS1vrnbcOg1bmnZyR8Bevpb-HKmQ.eNC5QdTRFr6N4MUFomZGFILpXXveFDFxdX2zvZkIzOA&dib_tag=se&keywords=laptop&qid=1730488759&sr=8-5,212.,4.0 out of 5 stars,"2,053",B0B2D77YB8,No,laptop
"HP 14 Laptop, Intel Celeron N4020, 4 GB RAM, 64 GB Storage, 14-inch Micro-edge HD Display, Windows 11 Home, Thin & Portable, 4K Graphics, One Year of Microsoft 365 (14-dq0040nr, Snowflake White)",https://www.amazon.com/HP-Micro-edge-Microsoft-14-dq0040nr-Snowflake/dp/B0947BJ67M/ref=sr_1_6?dib=eyJ2IjoiMSJ9.nJLPAe1VCXekLAE3n1EfIM35g5vc2cbCvsTqDoxYlK4-RL3QCNLA4rRv_N58RO0ByaagrdcpIH-pUnVGqKuYGgh2zTDwj4VKeUMQsKMtOVEP3MlpILIVjbV8cC-FUYlOhc4UY8pVmIs159J5XWTzEG6Gdqdq7fqMKpnlUiXh9peEenpTUVTkxEozAIm1DWtIjERuaDqNlpDTAHldS1vrnbcOg1bmnZyR8Bevpb-HKmQ.eNC5QdTRFr6N4MUFomZGFILpXXveFDFxdX2zvZkIzOA&dib_tag=se&keywords=laptop&qid=1730488759&sr=8-6,178.,4.0 out of 5 stars,"2,107",B0947BJ67M,No,laptop
"Amazon Basics 17.3-Inch Laptop Computer Shoulder Bag, Black, 10-Pack",https://www.amazon.com/sspa/click?ie=UTF8&spc=MTo4NTc3NjE5Mjc0MzU0OTE0OjE3MzA0ODg3NTk6c3BfbXRmOjIwMDAxMTk1MzE0OTczMTo6MDo6&url=%2FAmazonBasics-17-3-Laptop-Bag-10-Pack%2Fdp%2FB0749WPZCT%2Fref%3Dsr_1_7_ffob_sspa%3Fdib%3DeyJ2IjoiMSJ9.nJLPAe1VCXekLAE3n1EfIM35g5vc2cbCvsTqDoxYlK4-RL3QCNLA4rRv_N58RO0ByaagrdcpIH-pUnVGqKuYGgh2zTDwj4VKeUMQsKMtOVEP3MlpILIVjbV8cC-FUYlOhc4UY8pVmIs159J5XWTzEG6Gdqdq7fqMKpnlUiXh9peEenpTUVTkxEozAIm1DWtIjERuaDqNlpDTAHldS1vrnbcOg1bmnZyR8Bevpb-HKmQ.eNC5QdTRFr6N4MUFomZGFILpXXveFDFxdX2zvZkIzOA%26dib_tag%3Dse%26keywords%3Dlaptop%26qid%3D1730488759%26sr%3D8-7-spons%26sp_csd%3Dd2lkZ2V0TmFtZT1zcF9tdGY%26psc%3D1,128.,4.7 out of 5 stars,"90,261",B0749WPZCT,No,laptop
"ACEMAGIC Laptop Computer, 16GB DDR4 512GB SSD, 15.6 Inch Windows 11 Laptop with Quad-Core N95(Up to 3.4GHz), Metal Shell, BT5.0, 5G WiFi, USB3.2, Type_C, Webcam, 38Wh Battery",https://www.amazon.com/ACEMAGIC-Computer-Windows-Quad-Core-Battery/dp/B0DJLL26QB/ref=sr_1_8?dib=eyJ2IjoiMSJ9.nJLPAe1VCXekLAE3n1EfIM35g5vc2cbCvsTqDoxYlK4-RL3QCNLA4rRv_N58RO0ByaagrdcpIH-pUnVGqKuYGgh2zTDwj4VKeUMQsKMtOVEP3MlpILIVjbV8cC-FUYlOhc4UY8pVmIs159J5XWTzEG6Gdqdq7fqMKpnlUiXh9peEenpTUVTkxEozAIm1DWtIjERuaDqNlpDTAHldS1vrnbcOg1bmnZyR8Bevpb-HKmQ.eNC5QdTRFr6N4MUFomZGFILpXXveFDFxdX2zvZkIzOA&dib_tag=se&keywords=laptop&qid=1730488759&sr=8-8,359.,5.0 out of 5 stars,4,B0DJLL26QB,No,laptop
"HP Portable Laptop, Student and Business, 14"" HD Display, Intel Quad-Core N4120, 8GB DDR4 RAM, 64GB eMMC, 1 Year Office 365, Webcam, RJ-45, HDMI, Wi-Fi, Windows 11 Home, Silver",https://www.amazon.com/HP-Portable-Student-Business-Quad-Core/dp/B0CPL25J3W/ref=sr_1_9?dib=eyJ2IjoiMSJ9.nJLPAe1VCXekLAE3n1EfIM35g5vc2cbCvsTqDoxYlK4-RL3QCNLA4rRv_N58RO0ByaagrdcpIH-pUnVGqKuYGgh2zTDwj4VKeUMQsKMtOVEP3MlpILIVjbV8cC-FUYlOhc4UY8pVmIs159J5XWTzEG6Gdqdq7fqMKpnlUiXh9peEenpTUVTkxEozAIm1DWtIjERuaDqNlpDTAHldS1vrnbcOg1bmnZyR8Bevpb-HKmQ.eNC5QdTRFr6N4MUFomZGFILpXXveFDFxdX2zvZkIzOA&dib_tag=se&keywords=laptop&qid=1730488759&sr=8-9,198.,4.1 out of 5 stars,"1,638",B0CPL25J3W,No,laptop
NewLenovo Ideapad 1 Business & Student Laptop 14' HD Display_Intel_Celeron N4020 4GB RAM 128GB EMMC.Intel.UHD Graphics Webcam USB-C Wi-Fi 6 Blue.tooth Battery Life-Up to 11 Hours Win 11 Home in S mode,https://www.amazon.com/NewLenovo-Business-Display_Intel_Celeron-EMMC-Intel-UHD-Blue-tooth/dp/B0DD3LNQX2/ref=sr_1_10?dib=eyJ2IjoiMSJ9.nJLPAe1VCXekLAE3n1EfIM35g5vc2cbCvsTqDoxYlK4-RL3QCNLA4rRv_N58RO0ByaagrdcpIH-pUnVGqKuYGgh2zTDwj4VKeUMQsKMtOVEP3MlpILIVjbV8cC-FUYlOhc4UY8pVmIs159J5XWTzEG6Gdqdq7fqMKpnlUiXh9peEenpTUVTkxEozAIm1DWtIjERuaDqNlpDTAHldS1vrnbcOg1bmnZyR8Bevpb-HKmQ.eNC5QdTRFr6N4MUFomZGFILpXXveFDFxdX2zvZkIzOA&dib_tag=se&keywords=laptop&qid=1730488759&sr=8-10,169.,4.6 out of 5 stars,26,B0DD3LNQX2,No,laptop
"ACEMAGIC Laptop, Windows 11 Laptop Computer,16GB DDR4 512GB SSD, Quad-Core N95 Processor(Up to 3.4GHz), 15.6"" IPS 1080P PC,180° Open Angle,Long Battery Life,Metal Shell,WiFi, BT5.0, USB3.2, Type_C",https://www.amazon.com/ACEMAGIC-Windows-Computer-Quad-Core-Processor/dp/B0DJKR64FX/ref=sr_1_11?dib=eyJ2IjoiMSJ9.nJLPAe1VCXekLAE3n1EfIM35g5vc2cbCvsTqDoxYlK4-RL3QCNLA4rRv_N58RO0ByaagrdcpIH-pUnVGqKuYGgh2zTDwj4VKeUMQsKMtOVEP3MlpILIVjbV8cC-FUYlOhc4UY8pVmIs159J5XWTzEG6Gdqdq7fqMKpnlUiXh9peEenpTUVTkxEozAIm1DWtIjERuaDqNlpDTAHldS1vrnbcOg1bmnZyR8Bevpb-HKmQ.eNC5QdTRFr6N4MUFomZGFILpXXveFDFxdX2zvZkIzOA&dib_tag=se&keywords=laptop&qid=1730488759&sr=8-11,359.,4.8 out of 5 stars,15,B0DJKR64FX,No,laptop
"ACEMAGIC 16 inch Laptop Computer,Powered by N95 Processor,16GB DDR4 RAM 512GB SSD,FHD 1920 * 1200P,Type_C,38Wh Battery,WiFi,BT5.0,Traditional Laptop for Everday Needs.",https://www.amazon.com/sspa/click?ie=UTF8&spc=MTo4NTc3NjE5Mjc0MzU0OTE0OjE3MzA0ODg3NTk6c3BfbXRmOjMwMDQ1MjcyNjU2NzcwMjo6MDo6&url=%2FACEMAGIC-Computer-Powered-Processor-Traditional%2Fdp%2FB0DHV55W2Z%2Fref%3Dsr_1_12_sspa%3Fdib%3DeyJ2IjoiMSJ9.nJLPAe1VCXekLAE3n1EfIM35g5vc2cbCvsTqDoxYlK4-RL3QCNLA4rRv_N58RO0ByaagrdcpIH-pUnVGqKuYGgh2zTDwj4VKeUMQsKMtOVEP3MlpILIVjbV8cC-FUYlOhc4UY8pVmIs159J5XWTzEG6Gdqdq7fqMKpnlUiXh9peEenpTUVTkxEozAIm1DWtIjERuaDqNlpDTAHldS1vrnbcOg1bmnZyR8Bevpb-HKmQ.eNC5QdTRFr6N4MUFomZGFILpXXveFDFxdX2zvZkIzOA%26dib_tag%3Dse%26keywords%3Dlaptop%26qid%3D1730488759%26sr%3D8-12-spons%26sp_csd%3Dd2lkZ2V0TmFtZT1zcF9tdGY%26psc%3D1,369.,4.8 out of 5 stars,20,B0DHV55W2Z,No,laptop
"jumper Laptop, 4GB DDR4 RAM 128GB SSD, Office 365 1-Year Subscription, 5205U Processor, Windows 11 Computer with 15.6 Inch HD Display, 38Wh Battery, 2 Stereo Speakers, Type-C, USB3.0, Numeric Keypad.",https://www.amazon.com/jumper-Subscription-Processor-Computer-Speakers/dp/B0DHSGT3L3/ref=sr_1_13?dib=eyJ2IjoiMSJ9.nJLPAe1VCXekLAE3n1EfIM35g5vc2cbCvsTqDoxYlK4-RL3QCNLA4rRv_N58RO0ByaagrdcpIH-pUnVGqKuYGgh2zTDwj4VKeUMQsKMtOVEP3MlpILIVjbV8cC-FUYlOhc4UY8pVmIs159J5XWTzEG6Gdqdq7fqMKpnlUiXh9peEenpTUVTkxEozAIm1DWtIjERuaDqNlpDTAHldS1vrnbcOg1bmnZyR8Bevpb-HKmQ.eNC5QdTRFr6N4MUFomZGFILpXXveFDFxdX2zvZkIzOA&dib_tag=se&keywords=laptop&qid=1730488759&sr=8-13,199.,4.0 out of 5 stars,86,B0DHSGT3L3,No,laptop
ASUS E410 Intel Celeron N4020 4GB 64GB 14-Inch HD LED Win 10 Laptop (Star Black),https://www.amazon.com/Intel-Celeron-N4020-14-Inch-Laptop/dp/B09YRY6QCX/ref=sr_1_14?dib=eyJ2IjoiMSJ9.nJLPAe1VCXekLAE3n1EfIM35g5vc2cbCvsTqDoxYlK4-RL3QCNLA4rRv_N58RO0ByaagrdcpIH-pUnVGqKuYGgh2zTDwj4VKeUMQsKMtOVEP3MlpILIVjbV8cC-FUYlOhc4UY8pVmIs159J5XWTzEG6Gdqdq7fqMKpnlUiXh9peEenpTUVTkxEozAIm1DWtIjERuaDqNlpDTAHldS1vrnbcOg1bmnZyR8Bevpb-HKmQ.eNC5QdTRFr6N4MUFomZGFILpXXveFDFxdX2zvZkIzOA&dib_tag=se&keywords=laptop&qid=1730488759&sr=8-14,148.,4.1 out of 5 stars,673,B09YRY6QCX,No,laptop
"15.6 FHD Student Laptop Computer, 16GB RAM 1TB SSD, Backlit Keyboard, Fingerprint, 4-Core Pentium N100 (Beat i3-1115G4, Up to 3.4GHz), 2 Years Warranty, WiFi 6, Win 11 H",https://www.amazon.com/Computer-Keyboard-Fingerprint-i3-1115G4-Warranty/dp/B0DFPJDD8X/ref=sr_1_15?dib=eyJ2IjoiMSJ9.nJLPAe1VCXekLAE3n1EfIM35g5vc2cbCvsTqDoxYlK4-RL3QCNLA4rRv_N58RO0ByaagrdcpIH-pUnVGqKuYGgh2zTDwj4VKeUMQsKMtOVEP3MlpILIVjbV8cC-FUYlOhc4UY8pVmIs159J5XWTzEG6Gdqdq7fqMKpnlUiXh9peEenpTUVTkxEozAIm1DWtIjERuaDqNlpDTAHldS1vrnbcOg1bmnZyR8Bevpb-HKmQ.eNC5QdTRFr6N4MUFomZGFILpXXveFDFxdX2zvZkIzOA&dib_tag=se&keywords=laptop&qid=1730488759&sr=8-15,299.,5.0 out of 5 stars,11,B0DFPJDD8X,No,laptop
"Acer Aspire Go 15 Slim Laptop | 15.6"" Full HD IPS 1080P Display | Intel Core i3-N305| Intel UHD Graphics | 8GB LPDDR5 | 128GB HD | Wi-Fi 6 | AI PC | Windows 11 Home in S Mode | AG15-31P-3947",https://www.amazon.com/Display-i3-N305-Graphics-Windows-AG15-31P-3947/dp/B0CV5ZSR17/ref=sr_1_16?dib=eyJ2IjoiMSJ9.nJLPAe1VCXekLAE3n1EfIM35g5vc2cbCvsTqDoxYlK4-RL3QCNLA4rRv_N58RO0ByaagrdcpIH-pUnVGqKuYGgh2zTDwj4VKeUMQsKMtOVEP3MlpILIVjbV8cC-FUYlOhc4UY8pVmIs159J5XWTzEG6Gdqdq7fqMKpnlUiXh9peEenpTUVTkxEozAIm1DWtIjERuaDqNlpDTAHldS1vrnbcOg1bmnZyR8Bevpb-HKmQ.eNC5QdTRFr6N4MUFomZGFILpXXveFDFxdX2zvZkIzOA&dib_tag=se&keywords=laptop&qid=1730488759&sr=8-16,269.,4.2 out of 5 stars,"1,305",B0CV5ZSR17,No,laptop
"TPV 15.6"" Windows 11 Pro Laptop, MS Office 2024, 8GB RAM 256GB Storage, Intel Celeron N4000(up to 2.6GHz) 100% sRGB Screen, 2.4G/5G Dual Band WiFi, BT4.2, USB-A, Long Battery Life, Silver",https://www.amazon.com/sspa/click?ie=UTF8&spc=MTo4NTc3NjE5Mjc0MzU0OTE0OjE3MzA0ODg3NTk6c3BfbXRmOjMwMDM3ODk1MjYwMTUwMjo6MDo6&url=%2FTPV-Windows-Storage-Celeron-Battery%2Fdp%2FB0D4QT46KV%2Fref%3Dsr_1_17_sspa%3Fdib%3DeyJ2IjoiMSJ9.nJLPAe1VCXekLAE3n1EfIM35g5vc2cbCvsTqDoxYlK4-RL3QCNLA4rRv_N58RO0ByaagrdcpIH-pUnVGqKuYGgh2zTDwj4VKeUMQsKMtOVEP3MlpILIVjbV8cC-FUYlOhc4UY8pVmIs159J5XWTzEG6Gdqdq7fqMKpnlUiXh9peEenpTUVTkxEozAIm1DWtIjERuaDqNlpDTAHldS1vrnbcOg1bmnZyR8Bevpb-HKmQ.eNC5QdTRFr6N4MUFomZGFILpXXveFDFxdX2zvZkIzOA%26dib_tag%3Dse%26keywords%3Dlaptop%26qid%3D1730488759%26sr%3D8-17-spons%26sp_csd%3Dd2lkZ2V0TmFtZT1zcF9tdGY%26psc%3D1,239.,4.3 out of 5 stars,18,B0D4QT46KV,No,laptop
"Lenovo Essential IdeaPad • 36GB RAM • 1.5TB Storage(512GB SSD and 1TB Cloud Storage) • 15.6"" Full HD • Intel 4-core • Free 1 Year Office 365 • Wi-Fi 6 • Type-C • Windows 11 Home (15.6"" None-Touch)",https://www.amazon.com/Lenovo-Essential-IdeaPad-15-6-None-Touch/dp/B0DCL89JW5/ref=sr_1_18?dib=eyJ2IjoiMSJ9.nJLPAe1VCXekLAE3n1EfIM35g5vc2cbCvsTqDoxYlK4-RL3QCNLA4rRv_N58RO0ByaagrdcpIH-pUnVGqKuYGgh2zTDwj4VKeUMQsKMtOVEP3MlpILIVjbV8cC-FUYlOhc4UY8pVmIs159J5XWTzEG6Gdqdq7fqMKpnlUiXh9peEenpTUVTkxEozAIm1DWtIjERuaDqNlpDTAHldS1vrnbcOg1bmnZyR8Bevpb-HKmQ.eNC5QdTRFr6N4MUFomZGFILpXXveFDFxdX2zvZkIzOA&dib_tag=se&keywords=laptop&qid=1730488759&sr=8-18,N/A,4.0 out of 5 stars,45,B0DCL89JW5,No,laptop
"HP Newest 255 G10 15.6"" FHD Business Laptop, AMD Ryzen 7 7730U, 32GB RAM, 1TB PCIe SSD, Numeric Keypad, Webcam, Wi-Fi 6, HDMI, Windows 11 Pro, Black",https://www.amazon.com/HP-Newest-Business-Numeric-Windows/dp/B0D4RH881B/ref=sr_1_19?dib=eyJ2IjoiMSJ9.nJLPAe1VCXekLAE3n1EfIM35g5vc2cbCvsTqDoxYlK4-RL3QCNLA4rRv_N58RO0ByaagrdcpIH-pUnVGqKuYGgh2zTDwj4VKeUMQsKMtOVEP3MlpILIVjbV8cC-FUYlOhc4UY8pVmIs159J5XWTzEG6Gdqdq7fqMKpnlUiXh9peEenpTUVTkxEozAIm1DWtIjERuaDqNlpDTAHldS1vrnbcOg1bmnZyR8Bevpb-HKmQ.eNC5QdTRFr6N4MUFomZGFILpXXveFDFxdX2zvZkIzOA&dib_tag=se&keywords=laptop&qid=1730488759&sr=8-19,557.,4.3 out of 5 stars,42,B0D4RH881B,No,laptop
"ASUS Vivobook Go 15.6” Laptop, AMD Ryzen 5 7520U, 8GB, 512GB, Windows 11 Home, Cool Silver, E1504FA-AS54",https://www.amazon.com/ASUS-Vivobook-Laptop-Windows-E1504FA-AS54/dp/B0CWJB9ZC6/ref=sr_1_20?dib=eyJ2IjoiMSJ9.nJLPAe1VCXekLAE3n1EfIM35g5vc2cbCvsTqDoxYlK4-RL3QCNLA4rRv_N58RO0ByaagrdcpIH-pUnVGqKuYGgh2zTDwj4VKeUMQsKMtOVEP3MlpILIVjbV8cC-FUYlOhc4UY8pVmIs159J5XWTzEG6Gdqdq7fqMKpnlUiXh9peEenpTUVTkxEozAIm1DWtIjERuaDqNlpDTAHldS1vrnbcOg1bmnZyR8Bevpb-HKmQ.eNC5QdTRFr6N4MUFomZGFILpXXveFDFxdX2zvZkIzOA&dib_tag=se&keywords=laptop&qid=1730488759&sr=8-20,329.,4.3 out of 5 stars,176,B0CWJB9ZC6,No,laptop
"HP 15.6"" Portable Laptop (Include 1 Year Microsoft 365), HD Display, Intel Quad-Core N200 Processor, 16GB RAM, 128GB Storage, Wi-Fi 6, Webcam, HDMI, Numeric Keypad, Windows 11 Home, Black",https://www.amazon.com/HP-Portable-Microsoft-Quad-Core-Processor/dp/B0D9K758B1/ref=sr_1_21?dib=eyJ2IjoiMSJ9.nJLPAe1VCXekLAE3n1EfIM35g5vc2cbCvsTqDoxYlK4-RL3QCNLA4rRv_N58RO0ByaagrdcpIH-pUnVGqKuYGgh2zTDwj4VKeUMQsKMtOVEP3MlpILIVjbV8cC-FUYlOhc4UY8pVmIs159J5XWTzEG6Gdqdq7fqMKpnlUiXh9peEenpTUVTkxEozAIm1DWtIjERuaDqNlpDTAHldS1vrnbcOg1bmnZyR8Bevpb-HKmQ.eNC5QdTRFr6N4MUFomZGFILpXXveFDFxdX2zvZkIzOA&dib_tag=se&keywords=laptop&qid=1730488759&sr=8-21,286.,4.1 out of 5 stars,662,B0D9K758B1,No,laptop
"AOC Gaming Laptop, 16.1” FHD Display, AMD Ryzen 7 5700U Octa-Core CPU, 16GB RAM 512GB SSD, Windows 11 Laptop Computer, Wi-Fi 6, Backlit Keyboard, HDMI, USB3.2, Type-C, 53Wh Battery, Metal Shell",https://www.amazon.com/sspa/click?ie=UTF8&spc=MTo4NTc3NjE5Mjc0MzU0OTE0OjE3MzA0ODg3NTk6c3BfYnRmOjMwMDQ2MjExNjczODMwMjo6MDo6&url=%2FAOC-Display-Octa-Core-Computer-Keyboard%2Fdp%2FB0DFLKH5FK%2Fref%3Dsr_1_22_sspa%3Fdib%3DeyJ2IjoiMSJ9.nJLPAe1VCXekLAE3n1EfIM35g5vc2cbCvsTqDoxYlK4-RL3QCNLA4rRv_N58RO0ByaagrdcpIH-pUnVGqKuYGgh2zTDwj4VKeUMQsKMtOVEP3MlpILIVjbV8cC-FUYlOhc4UY8pVmIs159J5XWTzEG6Gdqdq7fqMKpnlUiXh9peEenpTUVTkxEozAIm1DWtIjERuaDqNlpDTAHldS1vrnbcOg1bmnZyR8Bevpb-HKmQ.eNC5QdTRFr6N4MUFomZGFILpXXveFDFxdX2zvZkIzOA%26dib_tag%3Dse%26keywords%3Dlaptop%26qid%3D1730488759%26sr%3D8-22-spons%26sp_csd%3Dd2lkZ2V0TmFtZT1zcF9idGY%26psc%3D1,599.,5.0 out of 5 stars,3,B0DFLKH5FK,No,laptop
"iPad (9th Generation): with A13 Bionic chip, 10.2-inch Retina Display, 64GB, Wi-Fi, 12MP front/8MP Back Camera, Touch ID, All-Day Battery Life – Space Gray",https://www.amazon.com/2021-Apple-10-2-inch-iPad-Wi-Fi/dp/B09G9FPHY6/ref=sr_1_1?dib=eyJ2IjoiMSJ9.Mvnfgm6YRcZMDQb3HPFXMcO2fAK96CinUbByzJaZ_GAs0KOyXIrjKLJHyn0K8SdacDKAoWkVAy1-yIsU-OmYjFXrFb68niLdKFW1VABkmWfvU5RdVLBql_3y7pG4Go6_jM9xlbshV_ROu3IvI8ZiyYdyNNy21cRK7UiDJIa5-FA9rhDb3r-FNvPwidoU1QzPXWLj3rpW_eBjKtesHNN4XuwmKmWf0utX_52fNcUXECI.SmUDzA0dtO4zwEQidwZ0-6uN4IV_RYSC9c_NVoAE8AQ&dib_tag=se&keywords=ipad&qid=1730488770&sr=8-1,N/A,4.8 out of 5 stars,Products highlighted as 'Overall Pick' are:,B09G9FPHY6,No,ipad
"Apple iPad (10.2-Inch, Wi-Fi, 32GB) - Space Gray (Renewed)",https://www.amazon.com/Apple-iPad-10-2-Inch-Wi-Fi-32GB/dp/B08264XHCZ/ref=sr_1_2?dib=eyJ2IjoiMSJ9.Mvnfgm6YRcZMDQb3HPFXMcO2fAK96CinUbByzJaZ_GAs0KOyXIrjKLJHyn0K8SdacDKAoWkVAy1-yIsU-OmYjFXrFb68niLdKFW1VABkmWfvU5RdVLBql_3y7pG4Go6_jM9xlbshV_ROu3IvI8ZiyYdyNNy21cRK7UiDJIa5-FA9rhDb3r-FNvPwidoU1QzPXWLj3rpW_eBjKtesHNN4XuwmKmWf0utX_52fNcUXECI.SmUDzA0dtO4zwEQidwZ0-6uN4IV_RYSC9c_NVoAE8AQ&dib_tag=se&keywords=ipad&qid=1730488770&sr=8-2,140.,4.4 out of 5 stars,"10,298",B08264XHCZ,No,ipad
"iPad Air 11-inch (M2): Built for Apple Intelligence, Liquid Retina Display, 128GB, 12MP Front/Back Camera, Wi-Fi 6E, Touch ID, All-Day Battery Life — Space Gray",https://www.amazon.com/Apple-iPad-Air-11-inch-Intelligence/dp/B0D3J617D7/ref=sr_1_3?dib=eyJ2IjoiMSJ9.Mvnfgm6YRcZMDQb3HPFXMcO2fAK96CinUbByzJaZ_GAs0KOyXIrjKLJHyn0K8SdacDKAoWkVAy1-yIsU-OmYjFXrFb68niLdKFW1VABkmWfvU5RdVLBql_3y7pG4Go6_jM9xlbshV_ROu3IvI8ZiyYdyNNy21cRK7UiDJIa5-FA9rhDb3r-FNvPwidoU1QzPXWLj3rpW_eBjKtesHNN4XuwmKmWf0utX_52fNcUXECI.SmUDzA0dtO4zwEQidwZ0-6uN4IV_RYSC9c_NVoAE8AQ&dib_tag=se&keywords=ipad&qid=1730488770&sr=8-3,N/A,4.7 out of 5 stars,882,B0D3J617D7,No,ipad
"Apple iPad 2020 (10.2-inch, Wi-Fi, 32GB) - Space Gray (Renewed)",https://www.amazon.com/Apple-iPad-10-2-inch-Wi-Fi-32GB/dp/B08KWJW3DV/ref=sr_1_4?dib=eyJ2IjoiMSJ9.Mvnfgm6YRcZMDQb3HPFXMcO2fAK96CinUbByzJaZ_GAs0KOyXIrjKLJHyn0K8SdacDKAoWkVAy1-yIsU-OmYjFXrFb68niLdKFW1VABkmWfvU5RdVLBql_3y7pG4Go6_jM9xlbshV_ROu3IvI8ZiyYdyNNy21cRK7UiDJIa5-FA9rhDb3r-FNvPwidoU1QzPXWLj3rpW_eBjKtesHNN4XuwmKmWf0utX_52fNcUXECI.SmUDzA0dtO4zwEQidwZ0-6uN4IV_RYSC9c_NVoAE8AQ&dib_tag=se&keywords=ipad&qid=1730488770&sr=8-4,170.,4.5 out of 5 stars,"3,639",B08KWJW3DV,No,ipad
Apple iPad (2018 Model) with Wi-Fi only 32GB Apple 9.7in iPad - Space Gray (Renewed),https://www.amazon.com/Renewed-Apple-Model-Wi-Fi-9-7in/dp/B07D3DDJ4L/ref=sr_1_5?dib=eyJ2IjoiMSJ9.Mvnfgm6YRcZMDQb3HPFXMcO2fAK96CinUbByzJaZ_GAs0KOyXIrjKLJHyn0K8SdacDKAoWkVAy1-yIsU-OmYjFXrFb68niLdKFW1VABkmWfvU5RdVLBql_3y7pG4Go6_jM9xlbshV_ROu3IvI8ZiyYdyNNy21cRK7UiDJIa5-FA9rhDb3r-FNvPwidoU1QzPXWLj3rpW_eBjKtesHNN4XuwmKmWf0utX_52fNcUXECI.SmUDzA0dtO4zwEQidwZ0-6uN4IV_RYSC9c_NVoAE8AQ&dib_tag=se&keywords=ipad&qid=1730488770&sr=8-5,136.,4.5 out of 5 stars,"9,543",B07D3DDJ4L,No,ipad
"2020 Apple iPad (10.2-inch, Wi-Fi, 128GB) - Silver (Renewed)",https://www.amazon.com/Apple-iPad-10-2-inch-Wi-Fi-128GB/dp/B08KHNGCWY/ref=sr_1_6?dib=eyJ2IjoiMSJ9.Mvnfgm6YRcZMDQb3HPFXMcO2fAK96CinUbByzJaZ_GAs0KOyXIrjKLJHyn0K8SdacDKAoWkVAy1-yIsU-OmYjFXrFb68niLdKFW1VABkmWfvU5RdVLBql_3y7pG4Go6_jM9xlbshV_ROu3IvI8ZiyYdyNNy21cRK7UiDJIa5-FA9rhDb3r-FNvPwidoU1QzPXWLj3rpW_eBjKtesHNN4XuwmKmWf0utX_52fNcUXECI.SmUDzA0dtO4zwEQidwZ0-6uN4IV_RYSC9c_NVoAE8AQ&dib_tag=se&keywords=ipad&qid=1730488770&sr=8-6,245.,4.6 out of 5 stars,262,B08KHNGCWY,No,ipad
"iPad (10th Generation) 10.9-inch, Wi-Fi 6, 12MP Back Camera, Touch ID + 1 Year Limited Warranty (WiFi, Silver, 64GB)",https://www.amazon.com/Apple-Generation-10-9-inch-Limited-Warranty/dp/B0DFZQF2SG/ref=sr_1_7?dib=eyJ2IjoiMSJ9.Mvnfgm6YRcZMDQb3HPFXMcO2fAK96CinUbByzJaZ_GAs0KOyXIrjKLJHyn0K8SdacDKAoWkVAy1-yIsU-OmYjFXrFb68niLdKFW1VABkmWfvU5RdVLBql_3y7pG4Go6_jM9xlbshV_ROu3IvI8ZiyYdyNNy21cRK7UiDJIa5-FA9rhDb3r-FNvPwidoU1QzPXWLj3rpW_eBjKtesHNN4XuwmKmWf0utX_52fNcUXECI.SmUDzA0dtO4zwEQidwZ0-6uN4IV_RYSC9c_NVoAE8AQ&dib_tag=se&keywords=ipad&qid=1730488770&sr=8-7,N/A,4.0 out of 5 stars,1,B0DFZQF2SG,No,ipad
"iPad Mini (A15 Bionic): 8.3-inch Liquid Retina Display, 64GB, Wi-Fi 6, 12MP front/12MP Back Camera, Touch ID, All-Day Battery Life – Purple",https://www.amazon.com/2021-Apple-iPad-Mini-Wi-Fi/dp/B09G9FW785/ref=sr_1_8?dib=eyJ2IjoiMSJ9.Mvnfgm6YRcZMDQb3HPFXMcO2fAK96CinUbByzJaZ_GAs0KOyXIrjKLJHyn0K8SdacDKAoWkVAy1-yIsU-OmYjFXrFb68niLdKFW1VABkmWfvU5RdVLBql_3y7pG4Go6_jM9xlbshV_ROu3IvI8ZiyYdyNNy21cRK7UiDJIa5-FA9rhDb3r-FNvPwidoU1QzPXWLj3rpW_eBjKtesHNN4XuwmKmWf0utX_52fNcUXECI.SmUDzA0dtO4zwEQidwZ0-6uN4IV_RYSC9c_NVoAE8AQ&dib_tag=se&keywords=ipad&qid=1730488770&sr=8-8,N/A,4.8 out of 5 stars,"10,844",B09G9FW785,No,ipad
"2018 Apple iPad Pro (12.9-inch, Wi-Fi, 64GB) - Space Gray (Renewed)",https://www.amazon.com/Apple-iPad-12-9-inch-Wi-Fi-Generation/dp/B07Q4F7Q9C/ref=sr_1_9?dib=eyJ2IjoiMSJ9.Mvnfgm6YRcZMDQb3HPFXMcO2fAK96CinUbByzJaZ_GAs0KOyXIrjKLJHyn0K8SdacDKAoWkVAy1-yIsU-OmYjFXrFb68niLdKFW1VABkmWfvU5RdVLBql_3y7pG4Go6_jM9xlbshV_ROu3IvI8ZiyYdyNNy21cRK7UiDJIa5-FA9rhDb3r-FNvPwidoU1QzPXWLj3rpW_eBjKtesHNN4XuwmKmWf0utX_52fNcUXECI.SmUDzA0dtO4zwEQidwZ0-6uN4IV_RYSC9c_NVoAE8AQ&dib_tag=se&keywords=ipad&qid=1730488770&sr=8-9,446.,4.3 out of 5 stars,634,B07Q4F7Q9C,No,ipad
"Apple iPad Air (10.9-inch, Wi-Fi, 256GB) - Green (Latest Model, 4th Generation) (Renewed)",https://www.amazon.com/Apple-iPad-10-9-inch-Wi-Fi-256GB/dp/B08SZ4X379/ref=sr_1_10?dib=eyJ2IjoiMSJ9.Mvnfgm6YRcZMDQb3HPFXMcO2fAK96CinUbByzJaZ_GAs0KOyXIrjKLJHyn0K8SdacDKAoWkVAy1-yIsU-OmYjFXrFb68niLdKFW1VABkmWfvU5RdVLBql_3y7pG4Go6_jM9xlbshV_ROu3IvI8ZiyYdyNNy21cRK7UiDJIa5-FA9rhDb3r-FNvPwidoU1QzPXWLj3rpW_eBjKtesHNN4XuwmKmWf0utX_52fNcUXECI.SmUDzA0dtO4zwEQidwZ0-6uN4IV_RYSC9c_NVoAE8AQ&dib_tag=se&keywords=ipad&qid=1730488770&sr=8-10,N/A,4.2 out of 5 stars,379,B08SZ4X379,No,ipad
"iPad Pro 13-Inch (M4): Built for Apple Intelligence, Ultra Retina XDR Display, 256GB, 12MP Front/Back Camera, LiDAR Scanner, Wi-Fi 6E + 5G Cellular, All-Day Battery Life — Space Black",https://www.amazon.com/Apple-iPad-Pro-13-Inch-Intelligence/dp/B0D3J7ZX58/ref=sr_1_11?dib=eyJ2IjoiMSJ9.Mvnfgm6YRcZMDQb3HPFXMcO2fAK96CinUbByzJaZ_GAs0KOyXIrjKLJHyn0K8SdacDKAoWkVAy1-yIsU-OmYjFXrFb68niLdKFW1VABkmWfvU5RdVLBql_3y7pG4Go6_jM9xlbshV_ROu3IvI8ZiyYdyNNy21cRK7UiDJIa5-FA9rhDb3r-FNvPwidoU1QzPXWLj3rpW_eBjKtesHNN4XuwmKmWf0utX_52fNcUXECI.SmUDzA0dtO4zwEQidwZ0-6uN4IV_RYSC9c_NVoAE8AQ&dib_tag=se&keywords=ipad&qid=1730488770&sr=8-11,N/A,4.6 out of 5 stars,438,B0D3J7ZX58,No,ipad
"Apple iPad Early 2018 (9.7-inch, Wi-Fi, 32GB) - Space Gray (Renewed)",https://www.amazon.com/Apple-Early-Wi-Fi-MR7F2LL-Refurbished/dp/B07G9QNT6P/ref=sr_1_12?dib=eyJ2IjoiMSJ9.Mvnfgm6YRcZMDQb3HPFXMcO2fAK96CinUbByzJaZ_GAs0KOyXIrjKLJHyn0K8SdacDKAoWkVAy1-yIsU-OmYjFXrFb68niLdKFW1VABkmWfvU5RdVLBql_3y7pG4Go6_jM9xlbshV_ROu3IvI8ZiyYdyNNy21cRK7UiDJIa5-FA9rhDb3r-FNvPwidoU1QzPXWLj3rpW_eBjKtesHNN4XuwmKmWf0utX_52fNcUXECI.SmUDzA0dtO4zwEQidwZ0-6uN4IV_RYSC9c_NVoAE8AQ&dib_tag=se&keywords=ipad&qid=1730488770&sr=8-12,105.,4.5 out of 5 stars,"4,287",B07G9QNT6P,No,ipad
"2020 Apple iPad Pro (12.9-inch, Wi-Fi + Cellular, 256GB) - Space Gray (Renewed)",https://www.amazon.com/Apple-12-9-inch-Wi-Fi-Cellular-256GB/dp/B08HH4RQM5/ref=sr_1_13?dib=eyJ2IjoiMSJ9.Mvnfgm6YRcZMDQb3HPFXMcO2fAK96CinUbByzJaZ_GAs0KOyXIrjKLJHyn0K8SdacDKAoWkVAy1-yIsU-OmYjFXrFb68niLdKFW1VABkmWfvU5RdVLBql_3y7pG4Go6_jM9xlbshV_ROu3IvI8ZiyYdyNNy21cRK7UiDJIa5-FA9rhDb3r-FNvPwidoU1QzPXWLj3rpW_eBjKtesHNN4XuwmKmWf0utX_52fNcUXECI.SmUDzA0dtO4zwEQidwZ0-6uN4IV_RYSC9c_NVoAE8AQ&dib_tag=se&keywords=ipad&qid=1730488770&sr=8-13,609.,4.4 out of 5 stars,"2,049",B08HH4RQM5,No,ipad
"Galaxy Tab A9+ Plus 11” 64GB Android Tablet, Big Screen, Quad Speakers, Upgraded Chipset, Multi Window Display, Slim, Light, Durable, Kids Friendly Design, US Version, 2024, Silver",https://www.amazon.com/SAMSUNG-Android-Speakers-Upgraded-Chipset/dp/B0CLFH7CCV/ref=sr_1_14?dib=eyJ2IjoiMSJ9.Mvnfgm6YRcZMDQb3HPFXMcO2fAK96CinUbByzJaZ_GAs0KOyXIrjKLJHyn0K8SdacDKAoWkVAy1-yIsU-OmYjFXrFb68niLdKFW1VABkmWfvU5RdVLBql_3y7pG4Go6_jM9xlbshV_ROu3IvI8ZiyYdyNNy21cRK7UiDJIa5-FA9rhDb3r-FNvPwidoU1QzPXWLj3rpW_eBjKtesHNN4XuwmKmWf0utX_52fNcUXECI.SmUDzA0dtO4zwEQidwZ0-6uN4IV_RYSC9c_NVoAE8AQ&dib_tag=se&keywords=ipad&qid=1730488770&sr=8-14,169.,4.5 out of 5 stars,"6,518",B0CLFH7CCV,No,ipad
"Galaxy Tab S6 Lite 10.4"" 64GB WiFi Android Tablet, S Pen Included, Gaming Ready, Long Battery Life, Slim Metal Design, Expandable Storage, US Version, Oxford Gray, Amazon Exclusive",https://www.amazon.com/SAMSUNG-Android-Included-Expandable-Exclusive/dp/B0CWS8MNW1/ref=sr_1_15?dib=eyJ2IjoiMSJ9.Mvnfgm6YRcZMDQb3HPFXMcO2fAK96CinUbByzJaZ_GAs0KOyXIrjKLJHyn0K8SdacDKAoWkVAy1-yIsU-OmYjFXrFb68niLdKFW1VABkmWfvU5RdVLBql_3y7pG4Go6_jM9xlbshV_ROu3IvI8ZiyYdyNNy21cRK7UiDJIa5-FA9rhDb3r-FNvPwidoU1QzPXWLj3rpW_eBjKtesHNN4XuwmKmWf0utX_52fNcUXECI.SmUDzA0dtO4zwEQidwZ0-6uN4IV_RYSC9c_NVoAE8AQ&dib_tag=se&keywords=ipad&qid=1730488770&sr=8-15,229.,4.5 out of 5 stars,899,B0CWS8MNW1,No,ipad
"iPad Pro 11-Inch (M4): Built for Apple Intelligence, Ultra Retina XDR Display, 256GB, 12MP Front/Back Camera, LiDAR Scanner, Wi-Fi 6E + 5G Cellular, All-Day Battery Life — Space Black",https://www.amazon.com/Apple-iPad-Pro-11-Inch-Intelligence/dp/B0D3J96H1H/ref=sr_1_16?dib=eyJ2IjoiMSJ9.Mvnfgm6YRcZMDQb3HPFXMcO2fAK96CinUbByzJaZ_GAs0KOyXIrjKLJHyn0K8SdacDKAoWkVAy1-yIsU-OmYjFXrFb68niLdKFW1VABkmWfvU5RdVLBql_3y7pG4Go6_jM9xlbshV_ROu3IvI8ZiyYdyNNy21cRK7UiDJIa5-FA9rhDb3r-FNvPwidoU1QzPXWLj3rpW_eBjKtesHNN4XuwmKmWf0utX_52fNcUXECI.SmUDzA0dtO4zwEQidwZ0-6uN4IV_RYSC9c_NVoAE8AQ&dib_tag=se&keywords=ipad&qid=1730488770&sr=8-16,N/A,4.6 out of 5 stars,320,B0D3J96H1H,No,ipad
"Apple iPhone XR, US Version, 128GB, Black - Unlocked (Renewed)",https://www.amazon.com/Apple-iPhone-Fully-Unlocked-128/dp/B07P976BBH/ref=sr_1_1?dib=eyJ2IjoiMSJ9.AWLUjuYZT9hZW8cQsy_m4VHBn7SCv-8F8O9S9OQH_xGijIF67wL_v1l3yRj7fvuQBhxDqxmW1q3jhTMgt1GFdo-LWoeMOBb767uDm7ATpa7YcEoiuU_ZDz5Z_rJhsHLmEyTAG7eKi8NQ2romZujNaUH3TCHEISrM3-xPSokVf8yqBxZGy1U3dCYcF1534XLeVimSUCJCwNeKASpyeD-lqLFODj6FLATDaPwRA6hYvGs.nzBqVTS-bjy23HCzK4F-Goo5gyha3bG0SxRllaVl4TU&dib_tag=se&keywords=iphone&qid=1730488777&sr=8-1,N/A,4.4 out of 5 stars,"65,236",B07P976BBH,No,iphone
Apple iPhone 7 32GB Unlocked - Silver,https://www.amazon.com/Apple-iPhone-32GB-Unlocked-Silver/dp/B0CNL4VKWN/ref=sr_1_2?dib=eyJ2IjoiMSJ9.AWLUjuYZT9hZW8cQsy_m4VHBn7SCv-8F8O9S9OQH_xGijIF67wL_v1l3yRj7fvuQBhxDqxmW1q3jhTMgt1GFdo-LWoeMOBb767uDm7ATpa7YcEoiuU_ZDz5Z_rJhsHLmEyTAG7eKi8NQ2romZujNaUH3TCHEISrM3-xPSokVf8yqBxZGy1U3dCYcF1534XLeVimSUCJCwNeKASpyeD-lqLFODj6FLATDaPwRA6hYvGs.nzBqVTS-bjy23HCzK4F-Goo5gyha3bG0SxRllaVl4TU&dib_tag=se&keywords=iphone&qid=1730488777&sr=8-2,93.,3.8 out of 5 stars,34,B0CNL4VKWN,No,iphone
Apple iPhone 7 32GB Unlocked - Black,https://www.amazon.com/Apple-iPhone-32GB-Unlocked-Black/dp/B0CNM32TLW/ref=sr_1_3?dib=eyJ2IjoiMSJ9.AWLUjuYZT9hZW8cQsy_m4VHBn7SCv-8F8O9S9OQH_xGijIF67wL_v1l3yRj7fvuQBhxDqxmW1q3jhTMgt1GFdo-LWoeMOBb767uDm7ATpa7YcEoiuU_ZDz5Z_rJhsHLmEyTAG7eKi8NQ2romZujNaUH3TCHEISrM3-xPSokVf8yqBxZGy1U3dCYcF1534XLeVimSUCJCwNeKASpyeD-lqLFODj6FLATDaPwRA6hYvGs.nzBqVTS-bjy23HCzK4F-Goo5gyha3bG0SxRllaVl4TU&dib_tag=se&keywords=iphone&qid=1730488777&sr=8-3,110.,3.6 out of 5 stars,67,B0CNM32TLW,No,iphone
iPhone 8 Plus 64GB Space Gray LTE Cellular MX8X2LL/A,https://www.amazon.com/Apple-iPhone-Space-Cellular-MX8X2LL/dp/B0CK55NFNK/ref=sr_1_4?dib=eyJ2IjoiMSJ9.AWLUjuYZT9hZW8cQsy_m4VHBn7SCv-8F8O9S9OQH_xGijIF67wL_v1l3yRj7fvuQBhxDqxmW1q3jhTMgt1GFdo-LWoeMOBb767uDm7ATpa7YcEoiuU_ZDz5Z_rJhsHLmEyTAG7eKi8NQ2romZujNaUH3TCHEISrM3-xPSokVf8yqBxZGy1U3dCYcF1534XLeVimSUCJCwNeKASpyeD-lqLFODj6FLATDaPwRA6hYvGs.nzBqVTS-bjy23HCzK4F-Goo5gyha3bG0SxRllaVl4TU&dib_tag=se&keywords=iphone&qid=1730488777&sr=8-4,N/A,4.4 out of 5 stars,74,B0CK55NFNK,No,iphone
"Apple iPhone 12 Pro, 128GB, Graphite - AT&T (Renewed)",https://www.amazon.com/Apple-iPhone-Pro-128GB-Graphite/dp/B08PNZDQ38/ref=sr_1_5?dib=eyJ2IjoiMSJ9.AWLUjuYZT9hZW8cQsy_m4VHBn7SCv-8F8O9S9OQH_xGijIF67wL_v1l3yRj7fvuQBhxDqxmW1q3jhTMgt1GFdo-LWoeMOBb767uDm7ATpa7YcEoiuU_ZDz5Z_rJhsHLmEyTAG7eKi8NQ2romZujNaUH3TCHEISrM3-xPSokVf8yqBxZGy1U3dCYcF1534XLeVimSUCJCwNeKASpyeD-lqLFODj6FLATDaPwRA6hYvGs.nzBqVTS-bjy23HCzK4F-Goo5gyha3bG0SxRllaVl4TU&dib_tag=se&keywords=iphone&qid=1730488777&sr=8-5,N/A,4.1 out of 5 stars,"10,647",B08PNZDQ38,No,iphone
"Apple iPhone 11 Pro, US Version, 64GB, Silver for AT&T (Renewed)",https://www.amazon.com/Apple-iPhone-Pro-64GB-Silver/dp/B081Y674B3/ref=sr_1_6?dib=eyJ2IjoiMSJ9.AWLUjuYZT9hZW8cQsy_m4VHBn7SCv-8F8O9S9OQH_xGijIF67wL_v1l3yRj7fvuQBhxDqxmW1q3jhTMgt1GFdo-LWoeMOBb767uDm7ATpa7YcEoiuU_ZDz5Z_rJhsHLmEyTAG7eKi8NQ2romZujNaUH3TCHEISrM3-xPSokVf8yqBxZGy1U3dCYcF1534XLeVimSUCJCwNeKASpyeD-lqLFODj6FLATDaPwRA6hYvGs.nzBqVTS-bjy23HCzK4F-Goo5gyha3bG0SxRllaVl4TU&dib_tag=se&keywords=iphone&qid=1730488777&sr=8-6,N/A,4.4 out of 5 stars,18,B081Y674B3,No,iphone
"Apple iPhone SE 16GB Unlocked, 2016 1st Gen, Silver",https://www.amazon.com/iPhone-64GB-Unlocked-Silver-IPSE64/dp/B09JTRHXWT/ref=sr_1_7?dib=eyJ2IjoiMSJ9.AWLUjuYZT9hZW8cQsy_m4VHBn7SCv-8F8O9S9OQH_xGijIF67wL_v1l3yRj7fvuQBhxDqxmW1q3jhTMgt1GFdo-LWoeMOBb767uDm7ATpa7YcEoiuU_ZDz5Z_rJhsHLmEyTAG7eKi8NQ2romZujNaUH3TCHEISrM3-xPSokVf8yqBxZGy1U3dCYcF1534XLeVimSUCJCwNeKASpyeD-lqLFODj6FLATDaPwRA6hYvGs.nzBqVTS-bjy23HCzK4F-Goo5gyha3bG0SxRllaVl4TU&dib_tag=se&keywords=iphone&qid=1730488777&sr=8-7,N/A,3.7 out of 5 stars,162,B09JTRHXWT,No,iphone
"Apple iPhone SE, 16GB 1st Gen 2016 Unlocked, ATT Tmobile",https://www.amazon.com/Apple-iPhone-32GB-Unlocked-Tmobile/dp/B0CKNYFHS5/ref=sr_1_8?dib=eyJ2IjoiMSJ9.AWLUjuYZT9hZW8cQsy_m4VHBn7SCv-8F8O9S9OQH_xGijIF67wL_v1l3yRj7fvuQBhxDqxmW1q3jhTMgt1GFdo-LWoeMOBb767uDm7ATpa7YcEoiuU_ZDz5Z_rJhsHLmEyTAG7eKi8NQ2romZujNaUH3TCHEISrM3-xPSokVf8yqBxZGy1U3dCYcF1534XLeVimSUCJCwNeKASpyeD-lqLFODj6FLATDaPwRA6hYvGs.nzBqVTS-bjy23HCzK4F-Goo5gyha3bG0SxRllaVl4TU&dib_tag=se&keywords=iphone&qid=1730488777&sr=8-8,N/A,4.0 out of 5 stars,2,B0CKNYFHS5,No,iphone
Apple iPhone 16 Pro Max (512 GB) - Natural Titanium [Locked]. Requires Unlimited Plan. Apple Intelligence.,https://www.amazon.com/Boost-Mobile-Apple-iPhone-Intelligence/dp/B0DGLZ64BK/ref=sr_1_9?dib=eyJ2IjoiMSJ9.AWLUjuYZT9hZW8cQsy_m4VHBn7SCv-8F8O9S9OQH_xGijIF67wL_v1l3yRj7fvuQBhxDqxmW1q3jhTMgt1GFdo-LWoeMOBb767uDm7ATpa7YcEoiuU_ZDz5Z_rJhsHLmEyTAG7eKi8NQ2romZujNaUH3TCHEISrM3-xPSokVf8yqBxZGy1U3dCYcF1534XLeVimSUCJCwNeKASpyeD-lqLFODj6FLATDaPwRA6hYvGs.nzBqVTS-bjy23HCzK4F-Goo5gyha3bG0SxRllaVl4TU&dib_tag=se&keywords=iphone&qid=1730488777&sr=8-9,0.,4.3 out of 5 stars,35,B0DGLZ64BK,No,iphone
"Azumi iPhone SE 16GB Unlocked, Silver 2016 (Gen 1)",https://www.amazon.com/iPhone-16GB-Unlocked-Silver-Gen/dp/B097QDTNM5/ref=sr_1_10?dib=eyJ2IjoiMSJ9.AWLUjuYZT9hZW8cQsy_m4VHBn7SCv-8F8O9S9OQH_xGijIF67wL_v1l3yRj7fvuQBhxDqxmW1q3jhTMgt1GFdo-LWoeMOBb767uDm7ATpa7YcEoiuU_ZDz5Z_rJhsHLmEyTAG7eKi8NQ2romZujNaUH3TCHEISrM3-xPSokVf8yqBxZGy1U3dCYcF1534XLeVimSUCJCwNeKASpyeD-lqLFODj6FLATDaPwRA6hYvGs.nzBqVTS-bjy23HCzK4F-Goo5gyha3bG0SxRllaVl4TU&dib_tag=se&keywords=iphone&qid=1730488777&sr=8-10,N/A,3.6 out of 5 stars,884,B097QDTNM5,No,iphone
Apple iPhone 16 Pro (128 GB) - Black Titanium [Locked]. Requires Unlimited Plan. Apple Intelligence.,https://www.amazon.com/Boost-Mobile-Apple-iPhone-Intelligence/dp/B0DGM23SYW/ref=sr_1_11?dib=eyJ2IjoiMSJ9.AWLUjuYZT9hZW8cQsy_m4VHBn7SCv-8F8O9S9OQH_xGijIF67wL_v1l3yRj7fvuQBhxDqxmW1q3jhTMgt1GFdo-LWoeMOBb767uDm7ATpa7YcEoiuU_ZDz5Z_rJhsHLmEyTAG7eKi8NQ2romZujNaUH3TCHEISrM3-xPSokVf8yqBxZGy1U3dCYcF1534XLeVimSUCJCwNeKASpyeD-lqLFODj6FLATDaPwRA6hYvGs.nzBqVTS-bjy23HCzK4F-Goo5gyha3bG0SxRllaVl4TU&dib_tag=se&keywords=iphone&qid=1730488777&sr=8-11,0.,3.4 out of 5 stars,8,B0DGM23SYW,No,iphone
Apple iPhone 16 (256 GB) - Black [Locked]. Requires Unlimited Plan. Apple Intelligence.,https://www.amazon.com/Boost-Mobile-Apple-iPhone-Intelligence/dp/B0DGLYQGY5/ref=sr_1_12?dib=eyJ2IjoiMSJ9.AWLUjuYZT9hZW8cQsy_m4VHBn7SCv-8F8O9S9OQH_xGijIF67wL_v1l3yRj7fvuQBhxDqxmW1q3jhTMgt1GFdo-LWoeMOBb767uDm7ATpa7YcEoiuU_ZDz5Z_rJhsHLmEyTAG7eKi8NQ2romZujNaUH3TCHEISrM3-xPSokVf8yqBxZGy1U3dCYcF1534XLeVimSUCJCwNeKASpyeD-lqLFODj6FLATDaPwRA6hYvGs.nzBqVTS-bjy23HCzK4F-Goo5gyha3bG0SxRllaVl4TU&dib_tag=se&keywords=iphone&qid=1730488777&sr=8-12,0.,4.7 out of 5 stars,5,B0DGLYQGY5,No,iphone
Apple iPhone 16 Plus (128 GB) - Black [Locked]. Requires Unlimited Plan. Apple Intelligence.,https://www.amazon.com/Boost-Mobile-Apple-iPhone-Plus/dp/B0DGLXFJ62/ref=sr_1_13?dib=eyJ2IjoiMSJ9.AWLUjuYZT9hZW8cQsy_m4VHBn7SCv-8F8O9S9OQH_xGijIF67wL_v1l3yRj7fvuQBhxDqxmW1q3jhTMgt1GFdo-LWoeMOBb767uDm7ATpa7YcEoiuU_ZDz5Z_rJhsHLmEyTAG7eKi8NQ2romZujNaUH3TCHEISrM3-xPSokVf8yqBxZGy1U3dCYcF1534XLeVimSUCJCwNeKASpyeD-lqLFODj6FLATDaPwRA6hYvGs.nzBqVTS-bjy23HCzK4F-Goo5gyha3bG0SxRllaVl4TU&dib_tag=se&keywords=iphone&qid=1730488777&sr=8-13,0.,4.8 out of 5 stars,7,B0DGLXFJ62,No,iphone
Apple iPhone 7 32GB Unlocked - Silver & Black - Preowned Excellent Condition Factory Unlocked Phones,https://www.amazon.com/Apple-iPhone-32GB-Unlocked-Excellent/dp/B0D4QK9XRP/ref=sr_1_14?dib=eyJ2IjoiMSJ9.AWLUjuYZT9hZW8cQsy_m4VHBn7SCv-8F8O9S9OQH_xGijIF67wL_v1l3yRj7fvuQBhxDqxmW1q3jhTMgt1GFdo-LWoeMOBb767uDm7ATpa7YcEoiuU_ZDz5Z_rJhsHLmEyTAG7eKi8NQ2romZujNaUH3TCHEISrM3-xPSokVf8yqBxZGy1U3dCYcF1534XLeVimSUCJCwNeKASpyeD-lqLFODj6FLATDaPwRA6hYvGs.nzBqVTS-bjy23HCzK4F-Goo5gyha3bG0SxRllaVl4TU&dib_tag=se&keywords=iphone&qid=1730488777&sr=8-14,N/A,N/A,No featured offers available,B0D4QK9XRP,No,iphone
iPhone 5c 32GB (Green) - Sprint,https://www.amazon.com/Apple-iPhone-5C-Sprint-Green/dp/B00F3IIVV4/ref=sr_1_15?dib=eyJ2IjoiMSJ9.AWLUjuYZT9hZW8cQsy_m4VHBn7SCv-8F8O9S9OQH_xGijIF67wL_v1l3yRj7fvuQBhxDqxmW1q3jhTMgt1GFdo-LWoeMOBb767uDm7ATpa7YcEoiuU_ZDz5Z_rJhsHLmEyTAG7eKi8NQ2romZujNaUH3TCHEISrM3-xPSokVf8yqBxZGy1U3dCYcF1534XLeVimSUCJCwNeKASpyeD-lqLFODj6FLATDaPwRA6hYvGs.nzBqVTS-bjy23HCzK4F-Goo5gyha3bG0SxRllaVl4TU&dib_tag=se&keywords=iphone&qid=1730488777&sr=8-15,N/A,5.0 out of 5 stars,4,B00F3IIVV4,No,iphone
"Apple iPhone 12 Mini 5G, US Version, 128GB, Blue - Unlocked (Renewed)",https://www.amazon.com/Apple-iPhone-Mini-128GB-Blue/dp/B08PNMBYZ4/ref=sr_1_16?dib=eyJ2IjoiMSJ9.AWLUjuYZT9hZW8cQsy_m4VHBn7SCv-8F8O9S9OQH_xGijIF67wL_v1l3yRj7fvuQBhxDqxmW1q3jhTMgt1GFdo-LWoeMOBb767uDm7ATpa7YcEoiuU_ZDz5Z_rJhsHLmEyTAG7eKi8NQ2romZujNaUH3TCHEISrM3-xPSokVf8yqBxZGy1U3dCYcF1534XLeVimSUCJCwNeKASpyeD-lqLFODj6FLATDaPwRA6hYvGs.nzBqVTS-bjy23HCzK4F-Goo5gyha3bG0SxRllaVl4TU&dib_tag=se&keywords=iphone&qid=1730488777&sr=8-16,264.,4.0 out of 5 stars,"13,745",B08PNMBYZ4,No,iphone
"Generative AI with LangChain: Build large language model (LLM) apps with Python, ChatGPT, and other LLMs",https://www.amazon.com/sspa/click?ie=UTF8&spc=MTo0NjQxMDM4NTA4OTA3MjcxOjE3MzA0ODg3ODk6c3BfYXRmOjMwMDE1MDI2ODA2NzcwMjo6MDo6&url=%2FGenerative-AI-LangChain-language-ChatGPT%2Fdp%2F1835083463%2Fref%3Dsr_1_1_sspa%3Fdib%3DeyJ2IjoiMSJ9.QRMWl6S6jRn2dGtQrU-Z3hnl2PFCJZqYR1Tn5_jrmtf-0_Q8hFIST6_RZKMN4Zkfkz3KyQx2TmX33YqU2XqBven8wbqqorEAmrwlR3RA43E2Eh7GKMN2ntXtd1oiW9NKG9B6y44WP_GMA39hjAID_Lm4h156ElIINX8gzd6MsxzYD87Bjna_g5bN7x_uPzj1lnZDxLxgGgyMA11XHKpEqTHXQUyZFDKcd0O4EyFoh9s.e5vw_Co6V2zmswDEaNpHeLSgNES9qhJ1hVXhR1XLE14%26dib_tag%3Dse%26keywords%3DAI%26qid%3D1730488788%26sr%3D8-1-spons%26sp_csd%3Dd2lkZ2V0TmFtZT1zcF9hdGY%26psc%3D1,37.,4.3 out of 5 stars,by,1835083463,No,AI
"AI Simplified for Teachers: Navigate AI with Ethical Practices, Stronger Practices, Higher Skills for Increased Student Engagement",https://www.amazon.com/sspa/click?ie=UTF8&spc=MTo0NjQxMDM4NTA4OTA3MjcxOjE3MzA0ODg3ODk6c3BfYXRmOjMwMDM0Mzc0MjYxNjUwMjo6MDo6&url=%2FSimplified-Teachers-Practices-Increased-Engagement%2Fdp%2FB0DCF86W83%2Fref%3Dsr_1_2_sspa%3Fdib%3DeyJ2IjoiMSJ9.QRMWl6S6jRn2dGtQrU-Z3hnl2PFCJZqYR1Tn5_jrmtf-0_Q8hFIST6_RZKMN4Zkfkz3KyQx2TmX33YqU2XqBven8wbqqorEAmrwlR3RA43E2Eh7GKMN2ntXtd1oiW9NKG9B6y44WP_GMA39hjAID_Lm4h156ElIINX8gzd6MsxzYD87Bjna_g5bN7x_uPzj1lnZDxLxgGgyMA11XHKpEqTHXQUyZFDKcd0O4EyFoh9s.e5vw_Co6V2zmswDEaNpHeLSgNES9qhJ1hVXhR1XLE14%26dib_tag%3Dse%26keywords%3DAI%26qid%3D1730488788%26sr%3D8-2-spons%26sp_csd%3Dd2lkZ2V0TmFtZT1zcF9hdGY%26psc%3D1,14.,N/A,by,B0DCF86W83,No,AI
"AI Voice Recorder, PLAUD Note Voice Recorder w/Case, App Control, Transcribe & Summarize Empowered by ChatGPT, Support 59 Languages, 64GB Memory, Audio Recorder for Lectures, Meetings, Calls, Black",https://www.amazon.com/PLAUD-Transcribe-Summarize-Empowered-Languages/dp/B0CZX48H2Z/ref=sr_1_3?dib=eyJ2IjoiMSJ9.QRMWl6S6jRn2dGtQrU-Z3hnl2PFCJZqYR1Tn5_jrmtf-0_Q8hFIST6_RZKMN4Zkfkz3KyQx2TmX33YqU2XqBven8wbqqorEAmrwlR3RA43E2Eh7GKMN2ntXtd1oiW9NKG9B6y44WP_GMA39hjAID_Lm4h156ElIINX8gzd6MsxzYD87Bjna_g5bN7x_uPzj1lnZDxLxgGgyMA11XHKpEqTHXQUyZFDKcd0O4EyFoh9s.e5vw_Co6V2zmswDEaNpHeLSgNES9qhJ1hVXhR1XLE14&dib_tag=se&keywords=AI&qid=1730488788&sr=8-3,159.,4.4 out of 5 stars,Products highlighted as 'Overall Pick' are:,B0CZX48H2Z,No,AI
Nexus: A Brief History of Information Networks from the Stone Age to AI,https://www.amazon.com/Nexus-Brief-History-Information-Networks/dp/B0CT3Y5LL9/ref=sr_1_4?dib=eyJ2IjoiMSJ9.QRMWl6S6jRn2dGtQrU-Z3hnl2PFCJZqYR1Tn5_jrmtf-0_Q8hFIST6_RZKMN4Zkfkz3KyQx2TmX33YqU2XqBven8wbqqorEAmrwlR3RA43E2Eh7GKMN2ntXtd1oiW9NKG9B6y44WP_GMA39hjAID_Lm4h156ElIINX8gzd6MsxzYD87Bjna_g5bN7x_uPzj1lnZDxLxgGgyMA11XHKpEqTHXQUyZFDKcd0O4EyFoh9s.e5vw_Co6V2zmswDEaNpHeLSgNES9qhJ1hVXhR1XLE14&dib_tag=se&keywords=AI&qid=1730488788&sr=8-4,0.,4.5 out of 5 stars,by,B0CT3Y5LL9,No,AI
Co-Intelligence: Living and Working with AI,https://www.amazon.com/Co-Intelligence-Living-Working-Ethan-Mollick/dp/059371671X/ref=sr_1_5?dib=eyJ2IjoiMSJ9.QRMWl6S6jRn2dGtQrU-Z3hnl2PFCJZqYR1Tn5_jrmtf-0_Q8hFIST6_RZKMN4Zkfkz3KyQx2TmX33YqU2XqBven8wbqqorEAmrwlR3RA43E2Eh7GKMN2ntXtd1oiW9NKG9B6y44WP_GMA39hjAID_Lm4h156ElIINX8gzd6MsxzYD87Bjna_g5bN7x_uPzj1lnZDxLxgGgyMA11XHKpEqTHXQUyZFDKcd0O4EyFoh9s.e5vw_Co6V2zmswDEaNpHeLSgNES9qhJ1hVXhR1XLE14&dib_tag=se&keywords=AI&qid=1730488788&sr=8-5,17.,4.5 out of 5 stars,by,059371671X,No,AI
"The AI-Driven Leader: Harnessing AI to Make Faster, Smarter Decisions",https://www.amazon.com/AI-Driven-Leader-Harnessing-Smarter-Decisions/dp/B0DDDJ8P2S/ref=sr_1_6?dib=eyJ2IjoiMSJ9.QRMWl6S6jRn2dGtQrU-Z3hnl2PFCJZqYR1Tn5_jrmtf-0_Q8hFIST6_RZKMN4Zkfkz3KyQx2TmX33YqU2XqBven8wbqqorEAmrwlR3RA43E2Eh7GKMN2ntXtd1oiW9NKG9B6y44WP_GMA39hjAID_Lm4h156ElIINX8gzd6MsxzYD87Bjna_g5bN7x_uPzj1lnZDxLxgGgyMA11XHKpEqTHXQUyZFDKcd0O4EyFoh9s.e5vw_Co6V2zmswDEaNpHeLSgNES9qhJ1hVXhR1XLE14&dib_tag=se&keywords=AI&qid=1730488788&sr=8-6,0.,4.8 out of 5 stars,by,B0DDDJ8P2S,No,AI
"AI Voice Recorder, PLAUD Note Voice Recorder w/Case, App Control, Transcribe & Summarize Empowered by ChatGPT, Support 59 Languages, 64GB Memory, Audio Recorder for Lectures, Meetings, Calls, Black",https://www.amazon.com/sspa/click?ie=UTF8&spc=MTo0NjQxMDM4NTA4OTA3MjcxOjE3MzA0ODg3ODk6c3BfbXRmOjMwMDE2OTExNDk1ODIwMjo6MDo6&url=%2FPLAUD-Transcribe-Summarize-Empowered-Languages%2Fdp%2FB0CZX48H2Z%2Fref%3Dsr_1_7_sspa%3Fdib%3DeyJ2IjoiMSJ9.QRMWl6S6jRn2dGtQrU-Z3hnl2PFCJZqYR1Tn5_jrmtf-0_Q8hFIST6_RZKMN4Zkfkz3KyQx2TmX33YqU2XqBven8wbqqorEAmrwlR3RA43E2Eh7GKMN2ntXtd1oiW9NKG9B6y44WP_GMA39hjAID_Lm4h156ElIINX8gzd6MsxzYD87Bjna_g5bN7x_uPzj1lnZDxLxgGgyMA11XHKpEqTHXQUyZFDKcd0O4EyFoh9s.e5vw_Co6V2zmswDEaNpHeLSgNES9qhJ1hVXhR1XLE14%26dib_tag%3Dse%26keywords%3DAI%26qid%3D1730488788%26sr%3D8-7-spons%26sp_csd%3Dd2lkZ2V0TmFtZT1zcF9tdGY%26psc%3D1,159.,4.4 out of 5 stars,Products highlighted as 'Overall Pick' are:,B0CZX48H2Z,No,AI
The Singularity Is Nearer: When We Merge with AI,https://www.amazon.com/The-Singularity-Is-Nearer/dp/B08ZJRMWVS/ref=sr_1_8?dib=eyJ2IjoiMSJ9.QRMWl6S6jRn2dGtQrU-Z3hnl2PFCJZqYR1Tn5_jrmtf-0_Q8hFIST6_RZKMN4Zkfkz3KyQx2TmX33YqU2XqBven8wbqqorEAmrwlR3RA43E2Eh7GKMN2ntXtd1oiW9NKG9B6y44WP_GMA39hjAID_Lm4h156ElIINX8gzd6MsxzYD87Bjna_g5bN7x_uPzj1lnZDxLxgGgyMA11XHKpEqTHXQUyZFDKcd0O4EyFoh9s.e5vw_Co6V2zmswDEaNpHeLSgNES9qhJ1hVXhR1XLE14&dib_tag=se&keywords=AI&qid=1730488788&sr=8-8,0.,4.4 out of 5 stars,|,B08ZJRMWVS,No,AI
"AI Voice Recorder, PLAUD Note Voice Recorder w/Case, App Control, Transcribe & Summarize Empowered by ChatGPT, Support 59 Languages, 64GB Memory, Audio Recorder for Lectures, Meetings, Calls, Silver",https://www.amazon.com/PLAUD-Transcribe-Summarize-Empowered-Languages/dp/B0CZXHRCR6/ref=sr_1_9?dib=eyJ2IjoiMSJ9.QRMWl6S6jRn2dGtQrU-Z3hnl2PFCJZqYR1Tn5_jrmtf-0_Q8hFIST6_RZKMN4Zkfkz3KyQx2TmX33YqU2XqBven8wbqqorEAmrwlR3RA43E2Eh7GKMN2ntXtd1oiW9NKG9B6y44WP_GMA39hjAID_Lm4h156ElIINX8gzd6MsxzYD87Bjna_g5bN7x_uPzj1lnZDxLxgGgyMA11XHKpEqTHXQUyZFDKcd0O4EyFoh9s.e5vw_Co6V2zmswDEaNpHeLSgNES9qhJ1hVXhR1XLE14&dib_tag=se&keywords=AI&qid=1730488788&sr=8-9,159.,4.5 out of 5 stars,141,B0CZXHRCR6,No,AI
"Understanding Generative AI for Business Leaders: Demystifying Strategic Advantage, Ethical Deployment, and Practical Integration for Success",https://www.amazon.com/Understanding-Generative-Business-Leaders-Demystifying/dp/B0D9539PZ7/ref=sr_1_10?dib=eyJ2IjoiMSJ9.QRMWl6S6jRn2dGtQrU-Z3hnl2PFCJZqYR1Tn5_jrmtf-0_Q8hFIST6_RZKMN4Zkfkz3KyQx2TmX33YqU2XqBven8wbqqorEAmrwlR3RA43E2Eh7GKMN2ntXtd1oiW9NKG9B6y44WP_GMA39hjAID_Lm4h156ElIINX8gzd6MsxzYD87Bjna_g5bN7x_uPzj1lnZDxLxgGgyMA11XHKpEqTHXQUyZFDKcd0O4EyFoh9s.e5vw_Co6V2zmswDEaNpHeLSgNES9qhJ1hVXhR1XLE14&dib_tag=se&keywords=AI&qid=1730488788&sr=8-10,0.,4.7 out of 5 stars,by,B0D9539PZ7,No,AI
"AI for Business: The Beginner's Fast Track to ChatGPT for Productivity, Profit, and Growth (2 books in 1)",https://www.amazon.com/AI-Business-Beginners-ChatGPT-Productivity/dp/B0DH2PDXHL/ref=sr_1_11?dib=eyJ2IjoiMSJ9.QRMWl6S6jRn2dGtQrU-Z3hnl2PFCJZqYR1Tn5_jrmtf-0_Q8hFIST6_RZKMN4Zkfkz3KyQx2TmX33YqU2XqBven8wbqqorEAmrwlR3RA43E2Eh7GKMN2ntXtd1oiW9NKG9B6y44WP_GMA39hjAID_Lm4h156ElIINX8gzd6MsxzYD87Bjna_g5bN7x_uPzj1lnZDxLxgGgyMA11XHKpEqTHXQUyZFDKcd0O4EyFoh9s.e5vw_Co6V2zmswDEaNpHeLSgNES9qhJ1hVXhR1XLE14&dib_tag=se&keywords=AI&qid=1730488788&sr=8-11,0.,4.6 out of 5 stars,by,B0DH2PDXHL,No,AI
"AI Voice Recorder,64GB Voice Recorder by App Control, AI Speech Processor with Simultaneous Interpretation &AI Real-timeTranscription Powered by ChatGPT, Smart Recorder Device,Black",https://www.amazon.com/sspa/click?ie=UTF8&spc=MTo0NjQxMDM4NTA4OTA3MjcxOjE3MzA0ODg3ODk6c3BfbXRmOjMwMDM5MjE3ODUxMzgwMjo6MDo6&url=%2FRecorder-Processor-Simultaneous-Interpretation-Real-timeTranscription%2Fdp%2FB0D775B3YN%2Fref%3Dsr_1_12_sspa%3Fdib%3DeyJ2IjoiMSJ9.QRMWl6S6jRn2dGtQrU-Z3hnl2PFCJZqYR1Tn5_jrmtf-0_Q8hFIST6_RZKMN4Zkfkz3KyQx2TmX33YqU2XqBven8wbqqorEAmrwlR3RA43E2Eh7GKMN2ntXtd1oiW9NKG9B6y44WP_GMA39hjAID_Lm4h156ElIINX8gzd6MsxzYD87Bjna_g5bN7x_uPzj1lnZDxLxgGgyMA11XHKpEqTHXQUyZFDKcd0O4EyFoh9s.e5vw_Co6V2zmswDEaNpHeLSgNES9qhJ1hVXhR1XLE14%26dib_tag%3Dse%26keywords%3DAI%26qid%3D1730488788%26sr%3D8-12-spons%26sp_csd%3Dd2lkZ2V0TmFtZT1zcF9tdGY%26psc%3D1,135.,4.0 out of 5 stars,54,B0D775B3YN,No,AI
The Age of AI: And Our Human Future,https://www.amazon.com/Age-AI-Our-Human-Future/dp/0316273996/ref=sr_1_13?dib=eyJ2IjoiMSJ9.QRMWl6S6jRn2dGtQrU-Z3hnl2PFCJZqYR1Tn5_jrmtf-0_Q8hFIST6_RZKMN4Zkfkz3KyQx2TmX33YqU2XqBven8wbqqorEAmrwlR3RA43E2Eh7GKMN2ntXtd1oiW9NKG9B6y44WP_GMA39hjAID_Lm4h156ElIINX8gzd6MsxzYD87Bjna_g5bN7x_uPzj1lnZDxLxgGgyMA11XHKpEqTHXQUyZFDKcd0O4EyFoh9s.e5vw_Co6V2zmswDEaNpHeLSgNES9qhJ1hVXhR1XLE14&dib_tag=se&keywords=AI&qid=1730488788&sr=8-13,12.,4.2 out of 5 stars,by,0316273996,No,AI
Artificial Intelligence For Dummies (For Dummies (Computer/Tech)),https://www.amazon.com/Artificial-Intelligence-Dummies-John-Mueller/dp/1119796768/ref=sr_1_14?dib=eyJ2IjoiMSJ9.QRMWl6S6jRn2dGtQrU-Z3hnl2PFCJZqYR1Tn5_jrmtf-0_Q8hFIST6_RZKMN4Zkfkz3KyQx2TmX33YqU2XqBven8wbqqorEAmrwlR3RA43E2Eh7GKMN2ntXtd1oiW9NKG9B6y44WP_GMA39hjAID_Lm4h156ElIINX8gzd6MsxzYD87Bjna_g5bN7x_uPzj1lnZDxLxgGgyMA11XHKpEqTHXQUyZFDKcd0O4EyFoh9s.e5vw_Co6V2zmswDEaNpHeLSgNES9qhJ1hVXhR1XLE14&dib_tag=se&keywords=AI&qid=1730488788&sr=8-14,22.,4.2 out of 5 stars,by,1119796768,No,AI
"The AI Edge: Sales Strategies for Unleashing the Power of AI to Save Time, Sell More, and Crush the Competition (Jeb Blount)",https://www.amazon.com/AI-Edge-Strategies-Unleashing-Competition/dp/1394244479/ref=sr_1_15?dib=eyJ2IjoiMSJ9.QRMWl6S6jRn2dGtQrU-Z3hnl2PFCJZqYR1Tn5_jrmtf-0_Q8hFIST6_RZKMN4Zkfkz3KyQx2TmX33YqU2XqBven8wbqqorEAmrwlR3RA43E2Eh7GKMN2ntXtd1oiW9NKG9B6y44WP_GMA39hjAID_Lm4h156ElIINX8gzd6MsxzYD87Bjna_g5bN7x_uPzj1lnZDxLxgGgyMA11XHKpEqTHXQUyZFDKcd0O4EyFoh9s.e5vw_Co6V2zmswDEaNpHeLSgNES9qhJ1hVXhR1XLE14&dib_tag=se&keywords=AI&qid=1730488788&sr=8-15,20.,4.7 out of 5 stars,by,1394244479,No,AI
"AI Snake Oil: What Artificial Intelligence Can Do, What It Can’t, and How to Tell the Difference",https://www.amazon.com/Snake-Oil-Artificial-Intelligence-Difference/dp/B0D8C1KNB6/ref=sr_1_16?dib=eyJ2IjoiMSJ9.QRMWl6S6jRn2dGtQrU-Z3hnl2PFCJZqYR1Tn5_jrmtf-0_Q8hFIST6_RZKMN4Zkfkz3KyQx2TmX33YqU2XqBven8wbqqorEAmrwlR3RA43E2Eh7GKMN2ntXtd1oiW9NKG9B6y44WP_GMA39hjAID_Lm4h156ElIINX8gzd6MsxzYD87Bjna_g5bN7x_uPzj1lnZDxLxgGgyMA11XHKpEqTHXQUyZFDKcd0O4EyFoh9s.e5vw_Co6V2zmswDEaNpHeLSgNES9qhJ1hVXhR1XLE14&dib_tag=se&keywords=AI&qid=1730488788&sr=8-16,0.,4.1 out of 5 stars,by,B0D8C1KNB6,No,AI
"Binize Carplay Ai Box Android 13 Android Auto AI Box Wireless Carplay Android Auto Built-in Navigation, Support Video APPS etc. Support Car with OEM Wired CarPlay/Android Auto (Red 8G+128G)",https://www.amazon.com/sspa/click?ie=UTF8&spc=MTo0NjQxMDM4NTA4OTA3MjcxOjE3MzA0ODg3ODk6c3BfbXRmOjMwMDE2NjMyMzM1ODUwMjo6MDo6&url=%2FCarplay-Android-Wireless-Navigation-Support%2Fdp%2FB0CWV421WV%2Fref%3Dsr_1_17_sspa%3Fdib%3DeyJ2IjoiMSJ9.QRMWl6S6jRn2dGtQrU-Z3hnl2PFCJZqYR1Tn5_jrmtf-0_Q8hFIST6_RZKMN4Zkfkz3KyQx2TmX33YqU2XqBven8wbqqorEAmrwlR3RA43E2Eh7GKMN2ntXtd1oiW9NKG9B6y44WP_GMA39hjAID_Lm4h156ElIINX8gzd6MsxzYD87Bjna_g5bN7x_uPzj1lnZDxLxgGgyMA11XHKpEqTHXQUyZFDKcd0O4EyFoh9s.e5vw_Co6V2zmswDEaNpHeLSgNES9qhJ1hVXhR1XLE14%26dib_tag%3Dse%26keywords%3DAI%26qid%3D1730488788%26sr%3D8-17-spons%26sp_csd%3Dd2lkZ2V0TmFtZT1zcF9tdGY%26psc%3D1,329.,4.5 out of 5 stars,3,B0CWV421WV,No,AI
Mastering AI: A Survival Guide to Our Superpowered Future,https://www.amazon.com/Mastering-AI-Survival-Superpowered-Future/dp/B0CYJKCFLH/ref=sr_1_18?dib=eyJ2IjoiMSJ9.QRMWl6S6jRn2dGtQrU-Z3hnl2PFCJZqYR1Tn5_jrmtf-0_Q8hFIST6_RZKMN4Zkfkz3KyQx2TmX33YqU2XqBven8wbqqorEAmrwlR3RA43E2Eh7GKMN2ntXtd1oiW9NKG9B6y44WP_GMA39hjAID_Lm4h156ElIINX8gzd6MsxzYD87Bjna_g5bN7x_uPzj1lnZDxLxgGgyMA11XHKpEqTHXQUyZFDKcd0O4EyFoh9s.e5vw_Co6V2zmswDEaNpHeLSgNES9qhJ1hVXhR1XLE14&dib_tag=se&keywords=AI&qid=1730488788&sr=8-18,0.,4.6 out of 5 stars,by,B0CYJKCFLH,No,AI
The ChatGPT Millionaire: Making Money Online has never been this EASY (AI Profit Hacks - How to make money using Chat GPT and Generative AI),https://www.amazon.com/ChatGPT-Millionaire-Making-Money-Online/dp/B0BSJ9XMQ8/ref=sr_1_19?dib=eyJ2IjoiMSJ9.QRMWl6S6jRn2dGtQrU-Z3hnl2PFCJZqYR1Tn5_jrmtf-0_Q8hFIST6_RZKMN4Zkfkz3KyQx2TmX33YqU2XqBven8wbqqorEAmrwlR3RA43E2Eh7GKMN2ntXtd1oiW9NKG9B6y44WP_GMA39hjAID_Lm4h156ElIINX8gzd6MsxzYD87Bjna_g5bN7x_uPzj1lnZDxLxgGgyMA11XHKpEqTHXQUyZFDKcd0O4EyFoh9s.e5vw_Co6V2zmswDEaNpHeLSgNES9qhJ1hVXhR1XLE14&dib_tag=se&keywords=AI&qid=1730488788&sr=8-19,12.,4.2 out of 5 stars,|,B0BSJ9XMQ8,No,AI
Teaching with AI: A Practical Guide to a New Era of Human Learning,https://www.amazon.com/Teaching-AI-Practical-Guide-Learning/dp/1421449226/ref=sr_1_20?dib=eyJ2IjoiMSJ9.QRMWl6S6jRn2dGtQrU-Z3hnl2PFCJZqYR1Tn5_jrmtf-0_Q8hFIST6_RZKMN4Zkfkz3KyQx2TmX33YqU2XqBven8wbqqorEAmrwlR3RA43E2Eh7GKMN2ntXtd1oiW9NKG9B6y44WP_GMA39hjAID_Lm4h156ElIINX8gzd6MsxzYD87Bjna_g5bN7x_uPzj1lnZDxLxgGgyMA11XHKpEqTHXQUyZFDKcd0O4EyFoh9s.e5vw_Co6V2zmswDEaNpHeLSgNES9qhJ1hVXhR1XLE14&dib_tag=se&keywords=AI&qid=1730488788&sr=8-20,24.,4.5 out of 5 stars,by,1421449226,No,AI
"ChatGPT Mastery: 12 Books in 1: Unlocking the Potential of AI, Everything You Need to Know to Make Money Mastering AI, Step-by-Step Guide from Beginners to Experts, Updated with ChatGPT-5 Predictions",https://www.amazon.com/ChatGPT-Mastery-Step-Step-Predictions/dp/B0CHK246XS/ref=sr_1_21?dib=eyJ2IjoiMSJ9.QRMWl6S6jRn2dGtQrU-Z3hnl2PFCJZqYR1Tn5_jrmtf-0_Q8hFIST6_RZKMN4Zkfkz3KyQx2TmX33YqU2XqBven8wbqqorEAmrwlR3RA43E2Eh7GKMN2ntXtd1oiW9NKG9B6y44WP_GMA39hjAID_Lm4h156ElIINX8gzd6MsxzYD87Bjna_g5bN7x_uPzj1lnZDxLxgGgyMA11XHKpEqTHXQUyZFDKcd0O4EyFoh9s.e5vw_Co6V2zmswDEaNpHeLSgNES9qhJ1hVXhR1XLE14&dib_tag=se&keywords=AI&qid=1730488788&sr=8-21,0.,3.9 out of 5 stars,by,B0CHK246XS,No,AI
"Voice Recorder with Playback, Digital Voice Recording Device with Transcription to Text, 2-inch Touch Screen Recorder, Audio Recorder Zoom Recorder Device for Lectures, Conference, Interview",https://www.amazon.com/sspa/click?ie=UTF8&spc=MTo0NjQxMDM4NTA4OTA3MjcxOjE3MzA0ODg3ODk6c3BfYnRmOjMwMDE3NzY1NzU5MzcwMjo6MDo6&url=%2FRecorder-Recording-Transcription-Conference-Interview%2Fdp%2FB0D2W6L1YX%2Fref%3Dsr_1_22_sspa%3Fdib%3DeyJ2IjoiMSJ9.QRMWl6S6jRn2dGtQrU-Z3hnl2PFCJZqYR1Tn5_jrmtf-0_Q8hFIST6_RZKMN4Zkfkz3KyQx2TmX33YqU2XqBven8wbqqorEAmrwlR3RA43E2Eh7GKMN2ntXtd1oiW9NKG9B6y44WP_GMA39hjAID_Lm4h156ElIINX8gzd6MsxzYD87Bjna_g5bN7x_uPzj1lnZDxLxgGgyMA11XHKpEqTHXQUyZFDKcd0O4EyFoh9s.e5vw_Co6V2zmswDEaNpHeLSgNES9qhJ1hVXhR1XLE14%26dib_tag%3Dse%26keywords%3DAI%26qid%3D1730488788%26sr%3D8-22-spons%26sp_csd%3Dd2lkZ2V0TmFtZT1zcF9idGY%26psc%3D1,249.,4.1 out of 5 stars,109,B0D2W6L1YX,No,AI
Canon EOS Rebel T7 DSLR Camera with 18-55mm Lens | Built-in Wi-Fi | 24.1 MP CMOS Sensor | DIGIC 4+ Image Processor and Full HD Videos,https://www.amazon.com/Canon-Rebel-T7-18-55mm-II/dp/B07C2Z21X5/ref=sr_1_1?dib=eyJ2IjoiMSJ9.I4ENgAvmVFdu_M60hszezyjzPGvTC7_PjkuRuZdN8JYs7GO-fNEYGlfLk2ZsHDQCS7QRmOIS7eYbRuKnPSpn48H-X3Tsq1cSAPzFdJsPlhP7ZyG0NohwEjERzMwdqPC3kdxctOMxwDMtuwcwpXdyE6MOgV6j9Yz_y4MFh9J_0zpycxz056gGFsK15S_X4vGGUNaOe5eYX7Qjo7tREPz917qCZzon_n3LQo-IQVLe_hE.7jl2IFRukGO7pPJ-VdeBt_GSKvRNW5RBhJ2k3UXWtCI&dib_tag=se&keywords=DSLR&qid=1730488795&sr=8-1,479.,4.7 out of 5 stars,Products highlighted as 'Overall Pick' are:,B07C2Z21X5,No,DSLR
"Canon EOS R100 Mirrorless Camera RF-S18-45mm F4.5-6.3 is STM & RF-S55-210mm F5-7.1 is STM Lens Kit, 24.1 Megapixel CMOS (APS-C) Sensor, 4K Video, RF Mount, Black",https://www.amazon.com/Canon-RF-S18-45mm-RF-S55-210mm-Mirrorless-Lightweight/dp/B0C5P59T9J/ref=sr_1_2?dib=eyJ2IjoiMSJ9.I4ENgAvmVFdu_M60hszezyjzPGvTC7_PjkuRuZdN8JYs7GO-fNEYGlfLk2ZsHDQCS7QRmOIS7eYbRuKnPSpn48H-X3Tsq1cSAPzFdJsPlhP7ZyG0NohwEjERzMwdqPC3kdxctOMxwDMtuwcwpXdyE6MOgV6j9Yz_y4MFh9J_0zpycxz056gGFsK15S_X4vGGUNaOe5eYX7Qjo7tREPz917qCZzon_n3LQo-IQVLe_hE.7jl2IFRukGO7pPJ-VdeBt_GSKvRNW5RBhJ2k3UXWtCI&dib_tag=se&keywords=DSLR&qid=1730488795&sr=8-2,499.,4.4 out of 5 stars,346,B0C5P59T9J,No,DSLR
"Canon DSLR Camera [EOS 90D] with Built-in Wi-Fi, Bluetooth, DIGIC 8 Image Processor, 4K Video, Dual Pixel CMOS AF, and 3.0 Inch Vari-Angle Touch LCD Screen, [Body Only], Black",https://www.amazon.com/Canon-Digital-Camera-Black-3616C002/dp/B07WFQYDD5/ref=sr_1_3?dib=eyJ2IjoiMSJ9.I4ENgAvmVFdu_M60hszezyjzPGvTC7_PjkuRuZdN8JYs7GO-fNEYGlfLk2ZsHDQCS7QRmOIS7eYbRuKnPSpn48H-X3Tsq1cSAPzFdJsPlhP7ZyG0NohwEjERzMwdqPC3kdxctOMxwDMtuwcwpXdyE6MOgV6j9Yz_y4MFh9J_0zpycxz056gGFsK15S_X4vGGUNaOe5eYX7Qjo7tREPz917qCZzon_n3LQo-IQVLe_hE.7jl2IFRukGO7pPJ-VdeBt_GSKvRNW5RBhJ2k3UXWtCI&dib_tag=se&keywords=DSLR&qid=1730488795&sr=8-3,N/A,4.7 out of 5 stars,983,B07WFQYDD5,No,DSLR
4K Digital Camera with 40X Zoom，64MP DSLR Camera for Photography Beginners，Autofocus 1080P HD Vlogging Camera with EIS，32GB SD Card，2 Batteries (W2),https://www.amazon.com/Zoom%EF%BC%8C64MP-Photography-Beginners%EF%BC%8CAutofocus-Vlogging-Batteries/dp/B0DFVXLHFF/ref=sr_1_4?dib=eyJ2IjoiMSJ9.I4ENgAvmVFdu_M60hszezyjzPGvTC7_PjkuRuZdN8JYs7GO-fNEYGlfLk2ZsHDQCS7QRmOIS7eYbRuKnPSpn48H-X3Tsq1cSAPzFdJsPlhP7ZyG0NohwEjERzMwdqPC3kdxctOMxwDMtuwcwpXdyE6MOgV6j9Yz_y4MFh9J_0zpycxz056gGFsK15S_X4vGGUNaOe5eYX7Qjo7tREPz917qCZzon_n3LQo-IQVLe_hE.7jl2IFRukGO7pPJ-VdeBt_GSKvRNW5RBhJ2k3UXWtCI&dib_tag=se&keywords=DSLR&qid=1730488795&sr=8-4,129.,4.5 out of 5 stars,2,B0DFVXLHFF,No,DSLR
"Canon EOS 4000D / Rebel T100 DSLR Camera w/EF-S 18-55mm F/3.5-5.6 Zoom Lens + 64GB Memory, Filters,Case, Tripod, Flash, and More (34pc Bundle) (Renewed)",https://www.amazon.com/Canon-18-55mm-3-5-5-6-Filters-Renewed/dp/B0CFSBSRMY/ref=sr_1_5?dib=eyJ2IjoiMSJ9.I4ENgAvmVFdu_M60hszezyjzPGvTC7_PjkuRuZdN8JYs7GO-fNEYGlfLk2ZsHDQCS7QRmOIS7eYbRuKnPSpn48H-X3Tsq1cSAPzFdJsPlhP7ZyG0NohwEjERzMwdqPC3kdxctOMxwDMtuwcwpXdyE6MOgV6j9Yz_y4MFh9J_0zpycxz056gGFsK15S_X4vGGUNaOe5eYX7Qjo7tREPz917qCZzon_n3LQo-IQVLe_hE.7jl2IFRukGO7pPJ-VdeBt_GSKvRNW5RBhJ2k3UXWtCI&dib_tag=se&keywords=DSLR&qid=1730488795&sr=8-5,429.,4.4 out of 5 stars,102,B0CFSBSRMY,No,DSLR
"Nikon D7500 20.9MP DSLR Camera with AF-S DX NIKKOR 18-140mm f/3.5-5.6G ED VR Lens, Black",https://www.amazon.com/Nikon-20-9MP-Camera-18-140mm-3-5-5-6G/dp/B06Y5RTN1T/ref=sr_1_6?dib=eyJ2IjoiMSJ9.I4ENgAvmVFdu_M60hszezyjzPGvTC7_PjkuRuZdN8JYs7GO-fNEYGlfLk2ZsHDQCS7QRmOIS7eYbRuKnPSpn48H-X3Tsq1cSAPzFdJsPlhP7ZyG0NohwEjERzMwdqPC3kdxctOMxwDMtuwcwpXdyE6MOgV6j9Yz_y4MFh9J_0zpycxz056gGFsK15S_X4vGGUNaOe5eYX7Qjo7tREPz917qCZzon_n3LQo-IQVLe_hE.7jl2IFRukGO7pPJ-VdeBt_GSKvRNW5RBhJ2k3UXWtCI&dib_tag=se&keywords=DSLR&qid=1730488795&sr=8-6,N/A,4.7 out of 5 stars,"1,404",B06Y5RTN1T,No,DSLR
"Canon EOS Rebel T7 DSLR Camera w/EF-S 18-55mm F/3.5-5.6 Zoom Lens + 420-800mm Super Telephoto Lens + 100S Sling Backpack + 64GB Memory Cards, Professional Photo Bundle (42pc Bundle) (Renewed)",https://www.amazon.com/Canon-420-800mm-Telephoto-Backpack-Professional/dp/B0C7Y8NKV2/ref=sr_1_7?dib=eyJ2IjoiMSJ9.I4ENgAvmVFdu_M60hszezyjzPGvTC7_PjkuRuZdN8JYs7GO-fNEYGlfLk2ZsHDQCS7QRmOIS7eYbRuKnPSpn48H-X3Tsq1cSAPzFdJsPlhP7ZyG0NohwEjERzMwdqPC3kdxctOMxwDMtuwcwpXdyE6MOgV6j9Yz_y4MFh9J_0zpycxz056gGFsK15S_X4vGGUNaOe5eYX7Qjo7tREPz917qCZzon_n3LQo-IQVLe_hE.7jl2IFRukGO7pPJ-VdeBt_GSKvRNW5RBhJ2k3UXWtCI&dib_tag=se&keywords=DSLR&qid=1730488795&sr=8-7,519.,4.4 out of 5 stars,16,B0C7Y8NKV2,No,DSLR
"Canon DSLR Camera [EOS 90D] with 18-135 is USM Lens | Built-in Wi-Fi, Bluetooth, DIGIC 8 Image Processor, 4K Video, Dual Pixel CMOS AF, and 3.0 Inch Vari-Angle Touch LCD Screen, Black",https://www.amazon.com/Canon-Digital-Camera-18-135-Lens/dp/B07WHV3HXL/ref=sr_1_8?dib=eyJ2IjoiMSJ9.I4ENgAvmVFdu_M60hszezyjzPGvTC7_PjkuRuZdN8JYs7GO-fNEYGlfLk2ZsHDQCS7QRmOIS7eYbRuKnPSpn48H-X3Tsq1cSAPzFdJsPlhP7ZyG0NohwEjERzMwdqPC3kdxctOMxwDMtuwcwpXdyE6MOgV6j9Yz_y4MFh9J_0zpycxz056gGFsK15S_X4vGGUNaOe5eYX7Qjo7tREPz917qCZzon_n3LQo-IQVLe_hE.7jl2IFRukGO7pPJ-VdeBt_GSKvRNW5RBhJ2k3UXWtCI&dib_tag=se&keywords=DSLR&qid=1730488795&sr=8-8,"1,399.",4.6 out of 5 stars,442,B07WHV3HXL,No,DSLR
"Panasonic LUMIX G95D 20.3 Megapixel Mirrorless Camera, 12-60mm F3.5-5.6 Micro Four Thirds Lens, 5-Axis Dual I.S. 2, 4K 24p 30p Video, Pre-Installed V-Log L, 3” OLED Touchscreen - DC-G95DMK(Black)",https://www.amazon.com/Panasonic-Megapixel-Mirrorless-Pre-Installed-Touchscreen/dp/B0B9YPWPSM/ref=sr_1_9?dib=eyJ2IjoiMSJ9.I4ENgAvmVFdu_M60hszezyjzPGvTC7_PjkuRuZdN8JYs7GO-fNEYGlfLk2ZsHDQCS7QRmOIS7eYbRuKnPSpn48H-X3Tsq1cSAPzFdJsPlhP7ZyG0NohwEjERzMwdqPC3kdxctOMxwDMtuwcwpXdyE6MOgV6j9Yz_y4MFh9J_0zpycxz056gGFsK15S_X4vGGUNaOe5eYX7Qjo7tREPz917qCZzon_n3LQo-IQVLe_hE.7jl2IFRukGO7pPJ-VdeBt_GSKvRNW5RBhJ2k3UXWtCI&dib_tag=se&keywords=DSLR&qid=1730488795&sr=8-9,697.,4.6 out of 5 stars,288,B0B9YPWPSM,No,DSLR
"Panasonic LUMIX G7KS 4K Mirrorless Camera, 16 Megapixel Digital Camera, 14-42 mm Lens Kit, DMC-G7KS",https://www.amazon.com/PANASONIC-Mirrorless-14-42mm-Megapixels-DMC-G7KS/dp/B00X409O6O/ref=sr_1_10?dib=eyJ2IjoiMSJ9.I4ENgAvmVFdu_M60hszezyjzPGvTC7_PjkuRuZdN8JYs7GO-fNEYGlfLk2ZsHDQCS7QRmOIS7eYbRuKnPSpn48H-X3Tsq1cSAPzFdJsPlhP7ZyG0NohwEjERzMwdqPC3kdxctOMxwDMtuwcwpXdyE6MOgV6j9Yz_y4MFh9J_0zpycxz056gGFsK15S_X4vGGUNaOe5eYX7Qjo7tREPz917qCZzon_n3LQo-IQVLe_hE.7jl2IFRukGO7pPJ-VdeBt_GSKvRNW5RBhJ2k3UXWtCI&dib_tag=se&keywords=DSLR&qid=1730488795&sr=8-10,547.,4.5 out of 5 stars,"1,953",B00X409O6O,No,DSLR
"Canon EOS R50 Mirrorless Camera RF-S18-45mm F4.5-6.3 is STM Lens Kit, 24.2 Megapixel CMOS (APS-C) Sensor, 4K Video, Hybrid Camera, Photo and Video, Vlogging, Content Creator, RF Mount, White",https://www.amazon.com/Canon-Mirrorless-RF-S18-45mm-Smartphone-Connection/dp/B0BTTWH46K/ref=sr_1_11?dib=eyJ2IjoiMSJ9.I4ENgAvmVFdu_M60hszezyjzPGvTC7_PjkuRuZdN8JYs7GO-fNEYGlfLk2ZsHDQCS7QRmOIS7eYbRuKnPSpn48H-X3Tsq1cSAPzFdJsPlhP7ZyG0NohwEjERzMwdqPC3kdxctOMxwDMtuwcwpXdyE6MOgV6j9Yz_y4MFh9J_0zpycxz056gGFsK15S_X4vGGUNaOe5eYX7Qjo7tREPz917qCZzon_n3LQo-IQVLe_hE.7jl2IFRukGO7pPJ-VdeBt_GSKvRNW5RBhJ2k3UXWtCI&dib_tag=se&keywords=DSLR&qid=1730488795&sr=8-11,N/A,4.7 out of 5 stars,887,B0BTTWH46K,No,DSLR
FEELWORLD F5 PRO X+Battery +Charger+Carry Case 5.5 Inch 1600nits DSLR Camera Field Monitor Touchscreen Waveform 3D LUT F970 External Kit Install 4K HDMI in Out Type-c Input,https://www.amazon.com/sspa/click?ie=UTF8&spc=MToyNjc5MTc2MTc4MDk0NDQwOjE3MzA0ODg3OTU6c3BfbXRmOjMwMDA2NTgyMzg2NTYwMjo6MDo6&url=%2FFEELWORLD-1600nits-External-Wireless-Transmission%2Fdp%2FB0CCP2YS84%2Fref%3Dsr_1_12_sspa%3Fdib%3DeyJ2IjoiMSJ9.I4ENgAvmVFdu_M60hszezyjzPGvTC7_PjkuRuZdN8JYs7GO-fNEYGlfLk2ZsHDQCS7QRmOIS7eYbRuKnPSpn48H-X3Tsq1cSAPzFdJsPlhP7ZyG0NohwEjERzMwdqPC3kdxctOMxwDMtuwcwpXdyE6MOgV6j9Yz_y4MFh9J_0zpycxz056gGFsK15S_X4vGGUNaOe5eYX7Qjo7tREPz917qCZzon_n3LQo-IQVLe_hE.7jl2IFRukGO7pPJ-VdeBt_GSKvRNW5RBhJ2k3UXWtCI%26dib_tag%3Dse%26keywords%3DDSLR%26qid%3D1730488795%26sr%3D8-12-spons%26sp_csd%3Dd2lkZ2V0TmFtZT1zcF9tdGY%26psc%3D1,152.,4.4 out of 5 stars,6,B0CCP2YS84,No,DSLR
"Panasonic LUMIX FZ80D Compact Camera with 20-1200mm Zoom Lens, Point and Shoot Digital Camera with 4K Video/Photo Recording and Power Optical Image Stabilizer - DC-FZ80D",https://www.amazon.com/Panasonic-Compact-20-1200mm-Recording-Stabilizer/dp/B0D8239188/ref=sr_1_13?dib=eyJ2IjoiMSJ9.I4ENgAvmVFdu_M60hszezyjzPGvTC7_PjkuRuZdN8JYs7GO-fNEYGlfLk2ZsHDQCS7QRmOIS7eYbRuKnPSpn48H-X3Tsq1cSAPzFdJsPlhP7ZyG0NohwEjERzMwdqPC3kdxctOMxwDMtuwcwpXdyE6MOgV6j9Yz_y4MFh9J_0zpycxz056gGFsK15S_X4vGGUNaOe5eYX7Qjo7tREPz917qCZzon_n3LQo-IQVLe_hE.7jl2IFRukGO7pPJ-VdeBt_GSKvRNW5RBhJ2k3UXWtCI&dib_tag=se&keywords=DSLR&qid=1730488795&sr=8-13,477.,4.4 out of 5 stars,"3,581",B0D8239188,No,DSLR
"Canon EOS R8 Mirrorless Camera RF24-50mm F4.5-6.3 is STM Lens Kit, Full-Frame Hybrid Camera, 24.2 Megapixel CMOS Image Sensor, 4K Video, Content Creator Vlogging Camera, Black",https://www.amazon.com/Canon-Full-Frame-Mirrorless-Smartphone-Connection/dp/B0BTTRXL3F/ref=sr_1_14?dib=eyJ2IjoiMSJ9.I4ENgAvmVFdu_M60hszezyjzPGvTC7_PjkuRuZdN8JYs7GO-fNEYGlfLk2ZsHDQCS7QRmOIS7eYbRuKnPSpn48H-X3Tsq1cSAPzFdJsPlhP7ZyG0NohwEjERzMwdqPC3kdxctOMxwDMtuwcwpXdyE6MOgV6j9Yz_y4MFh9J_0zpycxz056gGFsK15S_X4vGGUNaOe5eYX7Qjo7tREPz917qCZzon_n3LQo-IQVLe_hE.7jl2IFRukGO7pPJ-VdeBt_GSKvRNW5RBhJ2k3UXWtCI&dib_tag=se&keywords=DSLR&qid=1730488795&sr=8-14,N/A,4.7 out of 5 stars,361,B0BTTRXL3F,No,DSLR
Sony ZV-1F Vlog Camera for Content Creators and Vloggers Black,https://www.amazon.com/Sony-Camera-Content-Creators-Vloggers/dp/B0BHKKHNHM/ref=sr_1_15?dib=eyJ2IjoiMSJ9.I4ENgAvmVFdu_M60hszezyjzPGvTC7_PjkuRuZdN8JYs7GO-fNEYGlfLk2ZsHDQCS7QRmOIS7eYbRuKnPSpn48H-X3Tsq1cSAPzFdJsPlhP7ZyG0NohwEjERzMwdqPC3kdxctOMxwDMtuwcwpXdyE6MOgV6j9Yz_y4MFh9J_0zpycxz056gGFsK15S_X4vGGUNaOe5eYX7Qjo7tREPz917qCZzon_n3LQo-IQVLe_hE.7jl2IFRukGO7pPJ-VdeBt_GSKvRNW5RBhJ2k3UXWtCI&dib_tag=se&keywords=DSLR&qid=1730488795&sr=8-15,498.,4.5 out of 5 stars,868,B0BHKKHNHM,No,DSLR
"KODAK PIXPRO AZ405-BK 20MP Digital Camera 40X Optical Zoom 24mm Wide Angle Lens Optical Image Stabilization 1080P Full HD Video 3"" LCD Vlogging Camera (Black)",https://www.amazon.com/KODAK-PIXPRO-AZ405-BK-Digital-Optical/dp/B0BLLCJ963/ref=sr_1_16?dib=eyJ2IjoiMSJ9.I4ENgAvmVFdu_M60hszezyjzPGvTC7_PjkuRuZdN8JYs7GO-fNEYGlfLk2ZsHDQCS7QRmOIS7eYbRuKnPSpn48H-X3Tsq1cSAPzFdJsPlhP7ZyG0NohwEjERzMwdqPC3kdxctOMxwDMtuwcwpXdyE6MOgV6j9Yz_y4MFh9J_0zpycxz056gGFsK15S_X4vGGUNaOe5eYX7Qjo7tREPz917qCZzon_n3LQo-IQVLe_hE.7jl2IFRukGO7pPJ-VdeBt_GSKvRNW5RBhJ2k3UXWtCI&dib_tag=se&keywords=DSLR&qid=1730488795&sr=8-16,179.,4.0 out of 5 stars,853,B0BLLCJ963,No,DSLR
"5K Digital Camera for Photography, WiFi Auto Focus Vlogging Video Camera for YouTube with 32GB SD Card, 6-axis Anti-Shake 3.5"" Screen Fill Light 5K Camera with 58mm UV Filter, 16X Digital Zoom Camera",https://www.amazon.com/sspa/click?ie=UTF8&spc=MToyNjc5MTc2MTc4MDk0NDQwOjE3MzA0ODg3OTU6c3BfbXRmOjMwMDMwMjE1NzU5MDcwMjo6MDo6&url=%2FDigital-Photography-Vlogging-YouTube-Anti-Shake%2Fdp%2FB0D3TRLJP3%2Fref%3Dsr_1_17_sspa%3Fdib%3DeyJ2IjoiMSJ9.I4ENgAvmVFdu_M60hszezyjzPGvTC7_PjkuRuZdN8JYs7GO-fNEYGlfLk2ZsHDQCS7QRmOIS7eYbRuKnPSpn48H-X3Tsq1cSAPzFdJsPlhP7ZyG0NohwEjERzMwdqPC3kdxctOMxwDMtuwcwpXdyE6MOgV6j9Yz_y4MFh9J_0zpycxz056gGFsK15S_X4vGGUNaOe5eYX7Qjo7tREPz917qCZzon_n3LQo-IQVLe_hE.7jl2IFRukGO7pPJ-VdeBt_GSKvRNW5RBhJ2k3UXWtCI%26dib_tag%3Dse%26keywords%3DDSLR%26qid%3D1730488795%26sr%3D8-17-spons%26sp_csd%3Dd2lkZ2V0TmFtZT1zcF9tdGY%26psc%3D1,129.,4.0 out of 5 stars,415,B0D3TRLJP3,No,DSLR
"Saneen Digital Camera, 4k Cameras for Photography & Video, 64MP WiFi Touch Screen Vlogging Camera for YouTube with Flash, 32GB SD Card, Lens Hood, 3000mAH Battery, Front and Rear Cameras - Black",https://www.amazon.com/Saneen-Digital-Cameras-Photography-Vlogging/dp/B0CFZRPQMZ/ref=sr_1_18?dib=eyJ2IjoiMSJ9.I4ENgAvmVFdu_M60hszezyjzPGvTC7_PjkuRuZdN8JYs7GO-fNEYGlfLk2ZsHDQCS7QRmOIS7eYbRuKnPSpn48H-X3Tsq1cSAPzFdJsPlhP7ZyG0NohwEjERzMwdqPC3kdxctOMxwDMtuwcwpXdyE6MOgV6j9Yz_y4MFh9J_0zpycxz056gGFsK15S_X4vGGUNaOe5eYX7Qjo7tREPz917qCZzon_n3LQo-IQVLe_hE.7jl2IFRukGO7pPJ-VdeBt_GSKvRNW5RBhJ2k3UXWtCI&dib_tag=se&keywords=DSLR&qid=1730488795&sr=8-18,159.,4.0 out of 5 stars,"1,138",B0CFZRPQMZ,No,DSLR
"Portkeys PT6 Camera Field Monitor 5.2"" 600nit Touchscreen Camera Monitor Vertical Shooting Stretch 3D LUT Output Wide Color Gamut New Peaking RGB Waveform for DSLR",https://www.amazon.com/sspa/click?ie=UTF8&spc=MToyNjc5MTc2MTc4MDk0NDQwOjE3MzA0ODg3OTU6c3BfYnRmOjMwMDE1MTkyMzgxNDQwMjo6MDo6&url=%2FPortkeys-PT5-Lightweight-Touchscreen-Camcorder%2Fdp%2FB083J8RP6J%2Fref%3Dsr_1_19_sspa%3Fdib%3DeyJ2IjoiMSJ9.I4ENgAvmVFdu_M60hszezyjzPGvTC7_PjkuRuZdN8JYs7GO-fNEYGlfLk2ZsHDQCS7QRmOIS7eYbRuKnPSpn48H-X3Tsq1cSAPzFdJsPlhP7ZyG0NohwEjERzMwdqPC3kdxctOMxwDMtuwcwpXdyE6MOgV6j9Yz_y4MFh9J_0zpycxz056gGFsK15S_X4vGGUNaOe5eYX7Qjo7tREPz917qCZzon_n3LQo-IQVLe_hE.7jl2IFRukGO7pPJ-VdeBt_GSKvRNW5RBhJ2k3UXWtCI%26dib_tag%3Dse%26keywords%3DDSLR%26qid%3D1730488795%26sr%3D8-19-spons%26sp_csd%3Dd2lkZ2V0TmFtZT1zcF9idGY%26psc%3D1,109.,4.4 out of 5 stars,361,B083J8RP6J,No,DSLR
"BOYA by-V4 Wireless Microphones for Cameras DSLR Camcorder with Charging case, 12H Battery Life, 650ft Range, 4-Channel Omnidirectional Noise Canceling Lavalier Mic for Live Streaming Vlog",https://www.amazon.com/sspa/click?ie=UTF8&spc=MToyNjc5MTc2MTc4MDk0NDQwOjE3MzA0ODg3OTU6c3BfYnRmOjMwMDQ4MDgwMjk1MzgwMjo6MDo6&url=%2FBOYA-Microphones-Camcorder-4-Channel-Omnidirectional%2Fdp%2FB0DH8BD5GZ%2Fref%3Dsr_1_20_sspa%3Fdib%3DeyJ2IjoiMSJ9.I4ENgAvmVFdu_M60hszezyjzPGvTC7_PjkuRuZdN8JYs7GO-fNEYGlfLk2ZsHDQCS7QRmOIS7eYbRuKnPSpn48H-X3Tsq1cSAPzFdJsPlhP7ZyG0NohwEjERzMwdqPC3kdxctOMxwDMtuwcwpXdyE6MOgV6j9Yz_y4MFh9J_0zpycxz056gGFsK15S_X4vGGUNaOe5eYX7Qjo7tREPz917qCZzon_n3LQo-IQVLe_hE.7jl2IFRukGO7pPJ-VdeBt_GSKvRNW5RBhJ2k3UXWtCI%26dib_tag%3Dse%26keywords%3DDSLR%26qid%3D1730488795%26sr%3D8-20-spons%26sp_csd%3Dd2lkZ2V0TmFtZT1zcF9idGY%26psc%3D1,129.,5.0 out of 5 stars,Wireless 2.4GHz,B0DH8BD5GZ,No,DSLR
"Wireless HDMI Transmitter and Receiver, 2.4/5G Supports 1080P Range up to 820ft Wireless Video Transmitter for TV with LoopOut and Support IR from PC/Laptop/Set-top/DSLR to Monitor/Projector/TV",https://www.amazon.com/sspa/click?ie=UTF8&spc=MToyNjc5MTc2MTc4MDk0NDQwOjE3MzA0ODg3OTU6c3BfYnRmOjMwMDM5Njk1MjU4MDUwMjo6MDo6&url=%2FWireless-Transmitter-Receiver-Supports-Projector%2Fdp%2FB0CGTRQTV6%2Fref%3Dsr_1_21_sspa%3Fdib%3DeyJ2IjoiMSJ9.I4ENgAvmVFdu_M60hszezyjzPGvTC7_PjkuRuZdN8JYs7GO-fNEYGlfLk2ZsHDQCS7QRmOIS7eYbRuKnPSpn48H-X3Tsq1cSAPzFdJsPlhP7ZyG0NohwEjERzMwdqPC3kdxctOMxwDMtuwcwpXdyE6MOgV6j9Yz_y4MFh9J_0zpycxz056gGFsK15S_X4vGGUNaOe5eYX7Qjo7tREPz917qCZzon_n3LQo-IQVLe_hE.7jl2IFRukGO7pPJ-VdeBt_GSKvRNW5RBhJ2k3UXWtCI%26dib_tag%3Dse%26keywords%3DDSLR%26qid%3D1730488795%26sr%3D8-21-spons%26sp_csd%3Dd2lkZ2V0TmFtZT1zcF9idGY%26psc%3D1,165.,4.5 out of 5 stars,23,B0CGTRQTV6,No,DSLR
